cell_stem_conv1,CPU,9607.727272727272,9851.363636363636,1.02535837630695
cell_stem_0/cell_base/relu,OpenCL,1363.7,143.54545454545453,0.10526175445145892
cell_stem_0/cell_base/Conv1x1,OpenCL,3790.4545454545455,8543.545454545454,2.253963304952632
cell_stem_0/comb_iter_1/left/bf_relu_0,OpenCL,666.25,47.27272727272727,0.07095343680709534
cell_stem_0/comb_iter_1/left/separable_depthwise7x7_1,OpenCL,6406.818181818182,89.0,0.013891450869102519
cell_stem_0/comb_iter_1/left/separable_pointwise7x7_1,OpenCL,1309.4,118.0909090909091,0.09018703917130677
cell_stem_0/comb_iter_1/left/af_relu_0,OpenCL,286.1,19.636363636363637,0.06863461599567856
cell_stem_0/comb_iter_1/left/separable_depthwise7x7_2,OpenCL,3846.6,97.18181818181819,0.02526434206359335
cell_stem_0/comb_iter_1/left/separable_pointwise7x7_2,OpenCL,1278.9,158.72727272727272,0.12411234086110932
cell_stem_0/comb_iter_1/right/pooling/maxpool_3,OpenCL,1006.3636363636364,93.45454545454545,0.09286359530261969
cell_stem_0/comb_iter_1/add,OpenCL,350.0,16333.363636363636,46.666753246753245
cell_stem_0/comb_iter_2/left/bf_relu_0,OpenCL,655.5454545454545,67.9090909090909,0.10359173484953543
cell_stem_0/comb_iter_2/left/separable_depthwise5x5_1,OpenCL,4565.272727272727,106.81818181818181,0.023397984786331594
cell_stem_0/comb_iter_2/left/separable_pointwise5x5_1,OpenCL,1356.5454545454545,266.09090909090907,0.1961533306527275
cell_stem_0/comb_iter_2/left/af_relu_0,OpenCL,278.0,23.09090909090909,0.0830608240680183
cell_stem_0/comb_iter_2/left/separable_depthwise5x5_2,OpenCL,2564.181818181818,201.36363636363637,0.07852939090973553
cell_stem_0/comb_iter_2/left/separable_pointwise5x5_2,OpenCL,1230.3,208.1818181818182,0.1692122394390134
cell_stem_0/comb_iter_2/right/bf_relu_0,OpenCL,693.2,25.181818181818183,0.03632691601531763
cell_stem_0/comb_iter_2/right/separable_depthwise3x3_1,OpenCL,1103.7272727272727,134.9090909090909,0.1222304587760481
cell_stem_0/comb_iter_2/right/separable_pointwise3x3_1,OpenCL,1309.090909090909,171.0,0.13062500000000002
cell_stem_0/comb_iter_2/right/af_relu_0,OpenCL,295.7,28.363636363636363,0.09592031235588895
cell_stem_0/comb_iter_2/right/separable_depthwise3x3_2,OpenCL,398.6,192.36363636363637,0.4825981845550335
cell_stem_0/comb_iter_2/right/separable_pointwise3x3_2,OpenCL,1245.909090909091,171.72727272727272,0.13783290769792045
cell_stem_0/comb_iter_2/add,OpenCL,355.6,16858.454545454544,47.40847734942223
cell_stem_0/comb_iter_3/left/bf_relu_0,OpenCL,288.5,52.72727272727273,0.18276351031983615
cell_stem_0/comb_iter_3/left/separable_depthwise3x3_1,OpenCL,404.1,120.27272727272727,0.29763109941283655
cell_stem_0/comb_iter_3/left/separable_pointwise3x3_1,OpenCL,1256.2727272727273,127.0909090909091,0.10116506259497793
cell_stem_0/comb_iter_3/left/af_relu_0,OpenCL,294.90909090909093,27.545454545454547,0.09340320591861899
cell_stem_0/comb_iter_3/left/separable_depthwise3x3_2,OpenCL,415.8,69.0909090909091,0.1661638025274389
cell_stem_0/comb_iter_3/left/separable_pointwise3x3_2,OpenCL,1255.2727272727273,102.72727272727273,0.08183661645422943
cell_stem_0/comb_iter_3/right/pooling/maxpool_3,OpenCL,1012.0,55.72727272727273,0.055066475026949335
cell_stem_0/comb_iter_3/add,OpenCL,360.72727272727275,4068.6363636363635,11.278981854838708
cell_stem_0/comb_iter_4/right/relu,CPU,965.0909090909091,1201.3636363636363,1.2448191409193667
cell_stem_0/comb_iter_4/right/Conv1x1,CPU,2146.7272727272725,2450.6363636363635,1.1415685610231219
cell_stem_0/comb_iter_0/left/bf_relu_0,CPU,1656.1818181818182,1717.1818181818182,1.0368317049072346
cell_stem_0/comb_iter_0/left/separable_depthwise5x5_1,CPU,4828.818181818182,6071.272727272727,1.2572999228119057
cell_stem_0/comb_iter_0/left/separable_pointwise5x5_1,CPU,2608.090909090909,3484.5454545454545,1.3360521454215901
cell_stem_0/comb_iter_0/left/af_relu_0,CPU,224.27272727272728,309.0,1.3777867855695176
cell_stem_0/comb_iter_0/left/separable_depthwise5x5_2,CPU,1608.2727272727273,1724.0,1.071957492510316
cell_stem_0/comb_iter_0/left/separable_pointwise5x5_2,CPU,1936.4545454545455,2023.6363636363637,1.0450213604995071
cell_stem_0/comb_iter_0/right/pooling/maxpool_3,CPU,2844.909090909091,2893.6363636363635,1.0171278839394133
cell_stem_0/comb_iter_0/right/pool_1x1_conv,CPU,2814.7272727272725,2942.5454545454545,1.0454105031974679
cell_stem_0/comb_iter_0/add,CPU,319.3333333333333,405.90909090909093,1.2711140633896376
cell_stem_0/comb_iter_4/left/bf_relu_0,CPU,1754.6363636363637,1909.909090909091,1.0884928242059997
cell_stem_0/comb_iter_4/left/separable_depthwise3x3_1,CPU,3649.2727272727275,4904.090909090909,1.343854317174032
cell_stem_0/comb_iter_4/left/separable_pointwise3x3_1,CPU,2677.0,2871.2727272727275,1.0725710598702756
cell_stem_0/comb_iter_4/left/af_relu_0,CPU,234.4,299.8181818181818,1.2790878063915605
cell_stem_0/comb_iter_4/left/separable_depthwise3x3_2,CPU,918.7272727272727,1314.090909090909,1.4303384128240648
cell_stem_0/comb_iter_4/left/separable_pointwise3x3_2,CPU,1945.1818181818182,2032.7272727272727,1.0450063092956956
cell_stem_0/comb_iter_4/add,CPU,363.5,384.1818181818182,1.0568963361260473
cell_stem_0/cell_output/concat,OpenCL,808.2727272727273,1157.4545454545455,1.4320098976493083
cell_stem_1/cell_base/relu,CPU,1335.4545454545455,1899.909090909091,1.4226684819605173
cell_stem_1/cell_base/Conv1x1,CPU,9725.454545454546,10311.181818181818,1.0602262105066367
cell_stem_1/comb_iter_1/left/bf_relu_0,OpenCL,453.5,59.36363636363637,0.13090107246667335
cell_stem_1/comb_iter_1/left/separable_depthwise7x7_1,OpenCL,3476.6363636363635,102.0909090909091,0.029364851083858487
cell_stem_1/comb_iter_1/left/separable_pointwise7x7_1,OpenCL,804.9,185.45454545454547,0.2304069393148782
cell_stem_1/comb_iter_1/left/af_relu_0,OpenCL,226.45454545454547,34.36363636363637,0.15174628663187475
cell_stem_1/comb_iter_1/left/separable_depthwise7x7_2,OpenCL,2064.181818181818,81.54545454545455,0.03950497665815204
cell_stem_1/comb_iter_1/left/separable_pointwise7x7_2,OpenCL,794.6,117.63636363636364,0.14804475665286135
cell_stem_1/comb_iter_1/right/pooling/maxpool_3,OpenCL,976.2727272727273,60.0,0.06145823633485427
cell_stem_1/comb_iter_1/add,OpenCL,293.8,8171.363636363636,27.812674051612102
cell_stem_1/comb_iter_2/left/bf_relu_0,CPU,535.3333333333334,603.0909090909091,1.1265708139929809
cell_stem_1/comb_iter_2/left/separable_depthwise5x5_1,CPU,1446.3636363636363,1663.909090909091,1.1504085480829669
cell_stem_1/comb_iter_2/left/separable_pointwise5x5_1,CPU,1583.8181818181818,1406.909090909091,0.8883021467110551
cell_stem_1/comb_iter_2/left/af_relu_0,CPU,132.0,134.27272727272728,1.0172176308539946
cell_stem_1/comb_iter_2/left/separable_depthwise5x5_2,CPU,1035.0,893.0,0.8628019323671497
cell_stem_1/comb_iter_2/left/separable_pointwise5x5_2,CPU,1504.9,1401.090909090909,0.9310192764242866
cell_stem_1/comb_iter_2/right/bf_relu_0,CPU,571.0,723.8181818181819,1.2676325425887598
cell_stem_1/comb_iter_2/right/separable_depthwise3x3_1,CPU,1165.7,1320.2727272727273,1.1326007783072207
cell_stem_1/comb_iter_2/right/separable_pointwise3x3_1,CPU,1458.6,1457.8181818181818,0.9994639941164005
cell_stem_1/comb_iter_2/right/af_relu_0,CPU,134.45454545454547,201.63636363636363,1.4996619337390127
cell_stem_1/comb_iter_2/right/separable_depthwise3x3_2,CPU,522.5454545454545,718.8181818181819,1.3756089074460685
cell_stem_1/comb_iter_2/right/separable_pointwise3x3_2,CPU,1405.5,1462.4545454545455,1.0405226221661654
cell_stem_1/comb_iter_2/add,CPU,201.2,265.6363636363636,1.3202602566419663
cell_stem_1/comb_iter_3/left/bf_relu_0,CPU,151.9090909090909,183.54545454545453,1.208258527827648
cell_stem_1/comb_iter_3/left/separable_depthwise3x3_1,CPU,508.2,699.8181818181819,1.3770526993667491
cell_stem_1/comb_iter_3/left/separable_pointwise3x3_1,CPU,1398.4545454545455,1423.4545454545455,1.0178768770720925
cell_stem_1/comb_iter_3/left/af_relu_0,CPU,138.9090909090909,159.27272727272728,1.1465968586387436
cell_stem_1/comb_iter_3/left/separable_depthwise3x3_2,CPU,533.3636363636364,699.0909090909091,1.3107209817624
cell_stem_1/comb_iter_3/left/separable_pointwise3x3_2,CPU,1428.5454545454545,1424.3636363636363,0.997072674048619
cell_stem_1/comb_iter_3/right/pooling/maxpool_3,CPU,985.9090909090909,1272.7272727272727,1.2909174734900877
cell_stem_1/comb_iter_3/add,CPU,185.2,232.63636363636363,1.2561358727665424
cell_stem_1/comb_iter_4/right/relu,OpenCL,465.7,56.54545454545455,0.12142034474007848
cell_stem_1/comb_iter_4/right/Conv1x1,OpenCL,825.2,164.36363636363637,0.19918036398889524
cell_0/cell_base/_reduce_prev_layer_relue,OpenCL,782.6,47.81818181818182,0.061101689008665756
cell_0/cell_base/_reduce_prev_layer_prev_1x1_path1_pooling,OpenCL,419.2,20.181818181818183,0.04814365024288689
cell_0/cell_base/_reduce_prev_layer_prev_1x1_path1_conv,OpenCL,2779.090909090909,145.1818181818182,0.05224075891396795
cell_0/cell_base/_reduce_prev_layer_prev_1x1_path2_pooling,OpenCL,422.7,24.363636363636363,0.05763812719100157
cell_0/cell_base/_reduce_prev_layer_prev_1x1_path2_conv,OpenCL,2768.7272727272725,162.8181818181818,0.05880614657210402
cell_0/cell_base/_reduce_prev_layer_prev_1x1_concat,OpenCL,319.09090909090907,7828.727272727273,24.534472934472937
cell_0/comb_iter_0/left/bf_relu_0,CPU,286.45454545454544,390.3636363636364,1.3627419866708983
cell_0/comb_iter_0/left/separable_depthwise5x5_1,CPU,1674.5454545454545,1870.8181818181818,1.1172095548317047
cell_0/comb_iter_0/left/separable_pointwise5x5_1,CPU,3640.7272727272725,3637.909090909091,0.9992259288853377
cell_0/comb_iter_0/left/af_relu_0,CPU,232.45454545454547,289.0,1.2432538130621822
cell_0/comb_iter_0/left/separable_depthwise5x5_2,CPU,1666.6363636363637,1950.909090909091,1.1705667375770468
cell_0/comb_iter_0/left/separable_pointwise5x5_2,CPU,3609.5454545454545,3739.4545454545455,1.03599042941695
cell_0/comb_iter_0/right/pooling/maxpool_3,CPU,1083.5454545454545,1102.090909090909,1.0171155298263277
cell_0/comb_iter_0/add,CPU,406.72727272727275,379.8181818181818,0.9338399642378185
cell_0/comb_iter_4/left/bf_relu_0,OpenCL,319.09090909090907,61.09090909090909,0.19145299145299147
cell_0/comb_iter_4/left/separable_depthwise3x3_1,OpenCL,699.5454545454545,97.18181818181819,0.13892137751786876
cell_0/comb_iter_4/left/separable_pointwise3x3_1,OpenCL,2141.090909090909,159.0909090909091,0.07430366847826088
cell_0/comb_iter_4/left/af_relu_0,OpenCL,309.4,20.727272727272727,0.06699183169771405
cell_0/comb_iter_4/left/separable_depthwise3x3_2,OpenCL,677.1,91.81818181818181,0.1356050536378405
cell_0/comb_iter_4/left/separable_pointwise3x3_2,OpenCL,2095.7272727272725,5775.454545454545,2.7558235370667594
cell_stem_1/cell_base/_reduce_prev_layer_relue,OpenCL,1267.090909090909,25.0,0.019730233892954516
cell_stem_1/cell_base/_reduce_prev_layer_prev_1x1_path1_pooling,OpenCL,1505.7272727272727,22.09090909090909,0.014671255207389964
cell_stem_1/cell_base/_reduce_prev_layer_prev_1x1_path1_conv,OpenCL,1214.3636363636363,123.54545454545455,0.10173678694415332
cell_stem_1/cell_base/_reduce_prev_layer_prev_1x1_path2_pooling,OpenCL,1470.7,22.181818181818183,0.015082490094389191
cell_stem_1/cell_base/_reduce_prev_layer_prev_1x1_path2_conv,OpenCL,1177.6363636363637,111.45454545454545,0.09464258144202561
cell_stem_1/cell_base/_reduce_prev_layer_prev_1x1_concat,OpenCL,423.0,68.9090909090909,0.1629056522673544
cell_stem_1/comb_iter_0/left/bf_relu_0,OpenCL,422.4,20.09090909090909,0.04756370523415978
cell_stem_1/comb_iter_0/left/separable_depthwise5x5_1,OpenCL,2404.7272727272725,82.0909090909091,0.034137305307727205
cell_stem_1/comb_iter_0/left/separable_pointwise5x5_1,OpenCL,810.0909090909091,98.63636363636364,0.12175962293794187
cell_stem_1/comb_iter_0/left/af_relu_0,OpenCL,219.8,33.36363636363637,0.1517908842749607
cell_stem_1/comb_iter_0/left/separable_depthwise5x5_2,OpenCL,1310.2727272727273,66.72727272727273,0.050926247138000424
cell_stem_1/comb_iter_0/left/separable_pointwise5x5_2,OpenCL,802.6363636363636,107.36363636363636,0.13376373315211235
cell_stem_1/comb_iter_0/right/pooling/maxpool_3,OpenCL,905.1,101.63636363636364,0.11229296612127239
cell_stem_1/comb_iter_0/add,OpenCL,288.0,13621.727272727272,47.29766414141414
cell_stem_1/comb_iter_4/left/bf_relu_0,OpenCL,448.3,60.63636363636363,0.13525845111836635
cell_stem_1/comb_iter_4/left/separable_depthwise3x3_1,OpenCL,560.0,128.1818181818182,0.2288961038961039
cell_stem_1/comb_iter_4/left/separable_pointwise3x3_1,OpenCL,799.6363636363636,150.8181818181818,0.18860845839017734
cell_stem_1/comb_iter_4/left/af_relu_0,OpenCL,235.8,25.90909090909091,0.10987739995373583
cell_stem_1/comb_iter_4/left/separable_depthwise3x3_2,OpenCL,333.4,80.27272727272727,0.2407700278126193
cell_stem_1/comb_iter_4/left/separable_pointwise3x3_2,OpenCL,786.5454545454545,121.45454545454545,0.154415164123902
cell_stem_1/comb_iter_4/add,OpenCL,256.6,2859.909090909091,11.14539786012896
cell_stem_1/cell_output/concat,OpenCL,509.49999999999994,895.2727272727273,1.7571594254616827
cell_0/cell_base/relu,CPU,683.7272727272727,742.7272727272727,1.0862917165270576
cell_0/cell_base/Conv1x1,CPU,7945.909090909091,7767.090909090909,0.9774955666151822
cell_0/comb_iter_1/left/bf_relu_0,OpenCL,436.7142857142857,165.72727272727272,0.3794867219793618
cell_0/comb_iter_1/left/separable_depthwise7x7_1,OpenCL,7279.0,98.9090909090909,0.013588280108406499
cell_0/comb_iter_1/left/separable_pointwise7x7_1,OpenCL,2160.0,101.45454545454545,0.04696969696969697
cell_0/comb_iter_1/left/af_relu_0,OpenCL,291.3636363636364,14.181818181818182,0.048673946957878314
cell_0/comb_iter_1/left/separable_depthwise7x7_2,OpenCL,7307.636363636364,84.18181818181819,0.011519705414012739
cell_0/comb_iter_1/left/separable_pointwise7x7_2,OpenCL,2102.3,939.7272727272727,0.44699960649159143
cell_0/comb_iter_1/right/pooling/maxpool_3,OpenCL,725.6,43.18181818181818,0.05951187731783101
cell_0/comb_iter_1/add,OpenCL,380.6363636363636,21623.454545454544,56.80869357535228
cell_0/comb_iter_2/left/bf_relu_0,CPU,353.5,246.54545454545453,0.6974411726886974
cell_0/comb_iter_2/left/separable_depthwise5x5_1,CPU,1977.6,1778.6363636363637,0.8993913651073846
cell_0/comb_iter_2/left/separable_pointwise5x5_1,CPU,3716.5454545454545,3619.181818181818,0.9738026515336823
cell_0/comb_iter_2/left/af_relu_0,CPU,306.0,244.54545454545453,0.7991681521093286
cell_0/comb_iter_2/left/separable_depthwise5x5_2,CPU,1941.5454545454545,1761.090909090909,0.9070562344898628
cell_0/comb_iter_2/left/separable_pointwise5x5_2,CPU,3705.2727272727275,3648.090909090909,0.9845674468815937
cell_0/comb_iter_2/right/bf_relu_0,CPU,386.6363636363636,370.3636363636364,0.9579120620738303
cell_0/comb_iter_2/right/separable_depthwise3x3_1,CPU,1182.4545454545455,1334.2727272727273,1.1283924040901052
cell_0/comb_iter_2/right/separable_pointwise3x3_1,CPU,3698.818181818182,3604.5454545454545,0.9745127436281859
cell_0/comb_iter_2/right/af_relu_0,CPU,280.27272727272725,263.45454545454544,0.9399935128121959
cell_0/comb_iter_2/right/separable_depthwise3x3_2,CPU,1123.5454545454545,1236.6363636363637,1.1006553928311353
cell_0/comb_iter_2/right/separable_pointwise3x3_2,CPU,3670.0,3673.909090909091,1.0010651473866734
cell_0/comb_iter_2/add,CPU,422.72727272727275,485.72727272727275,1.149032258064516
cell_0/comb_iter_3/left/bf_relu_0,OpenCL,310.45454545454544,65.45454545454545,0.2108345534407028
cell_0/comb_iter_3/left/separable_depthwise3x3_1,OpenCL,695.5,110.0909090909091,0.15829030782301812
cell_0/comb_iter_3/left/separable_pointwise3x3_1,OpenCL,2112.6363636363635,184.72727272727272,0.08743921855501528
cell_0/comb_iter_3/left/af_relu_0,OpenCL,313.6,22.272727272727273,0.07102272727272727
cell_0/comb_iter_3/left/separable_depthwise3x3_2,OpenCL,670.2,96.0909090909091,0.14337646835408696
cell_0/comb_iter_3/left/separable_pointwise3x3_2,OpenCL,2099.7272727272725,114.63636363636364,0.054595834956920816
cell_0/comb_iter_3/right/pooling/maxpool_3,OpenCL,716.1,57.18181818181818,0.07985172208046108
cell_0/comb_iter_3/add,OpenCL,383.72727272727275,6350.818181818182,16.550343520492774
cell_0/comb_iter_4/add,OpenCL,390.09090909090907,772.2727272727273,1.9797250058261477
cell_0/cell_output/concat,OpenCL,842.3636363636364,224.63636363636363,0.2666738614288798
cell_1/cell_base/relu,OpenCL,874.9090909090909,24.181818181818183,0.027639235245220287
cell_1/cell_base/Conv1x1,OpenCL,7086.272727272727,9216.09090909091,1.3005554914110509
cell_1/comb_iter_1/left/bf_relu_0,OpenCL,313.3333333333333,57.54545454545455,0.18365570599613154
cell_1/comb_iter_1/left/separable_depthwise7x7_1,OpenCL,7310.545454545455,90.63636363636364,0.012398030242737763
cell_1/comb_iter_1/left/separable_pointwise7x7_1,OpenCL,2171.0,237.1818181818182,0.10925003140572002
cell_1/comb_iter_1/left/af_relu_0,OpenCL,292.7,21.454545454545453,0.07329875454234866
cell_1/comb_iter_1/left/separable_depthwise7x7_2,OpenCL,7310.181818181818,73.36363636363636,0.010035815549917922
cell_1/comb_iter_1/left/separable_pointwise7x7_2,OpenCL,2149.3636363636365,97.27272727272727,0.04525652412976356
cell_1/comb_iter_1/right/pooling/maxpool_3,OpenCL,757.8,48.63636363636363,0.0641810024232827
cell_1/comb_iter_1/add,OpenCL,388.3333333333333,19690.454545454544,50.705033164260634
cell_1/comb_iter_2/left/bf_relu_0,CPU,355.0,319.90909090909093,0.9011523687580026
cell_1/comb_iter_2/left/separable_depthwise5x5_1,CPU,1976.2,1740.2727272727273,0.880615690351547
cell_1/comb_iter_2/left/separable_pointwise5x5_1,CPU,3756.181818181818,3779.3636363636365,1.006171644319667
cell_1/comb_iter_2/left/af_relu_0,CPU,320.8,302.27272727272725,0.942246656087055
cell_1/comb_iter_2/left/separable_depthwise5x5_2,CPU,2017.9090909090908,1876.2727272727273,0.9298103347299185
cell_1/comb_iter_2/left/separable_pointwise5x5_2,CPU,3819.909090909091,3722.7272727272725,0.9745591280135176
cell_1/comb_iter_2/right/bf_relu_0,CPU,384.72727272727275,341.3636363636364,0.8872873345935728
cell_1/comb_iter_2/right/separable_depthwise3x3_1,CPU,1192.0,1196.1818181818182,1.0035082367297132
cell_1/comb_iter_2/right/separable_pointwise3x3_1,CPU,3710.5454545454545,3730.4545454545455,1.0053655429243433
cell_1/comb_iter_2/right/af_relu_0,CPU,276.09090909090907,294.09090909090907,1.0651959170233782
cell_1/comb_iter_2/right/separable_depthwise3x3_2,CPU,1097.3,1411.2727272727273,1.2861320762532829
cell_1/comb_iter_2/right/separable_pointwise3x3_2,CPU,3626.3636363636365,3756.0,1.0357483078465781
cell_1/comb_iter_2/add,CPU,433.09090909090907,424.09090909090907,0.9792191435768262
cell_1/comb_iter_3/left/bf_relu_0,OpenCL,310.90909090909093,61.54545454545455,0.197953216374269
cell_1/comb_iter_3/left/separable_depthwise3x3_1,OpenCL,677.7,122.0,0.1800206581083075
cell_1/comb_iter_3/left/separable_pointwise3x3_1,OpenCL,2099.3636363636365,252.1818181818182,0.12012298098991035
cell_1/comb_iter_3/left/af_relu_0,OpenCL,311.2,20.272727272727273,0.06514372516943212
cell_1/comb_iter_3/left/separable_depthwise3x3_2,OpenCL,702.2,73.9090909090909,0.10525361849770849
cell_1/comb_iter_3/left/separable_pointwise3x3_2,OpenCL,2090.181818181818,114.0,0.05454070981210856
cell_1/comb_iter_3/right/pooling/maxpool_3,OpenCL,733.8181818181819,102.81818181818181,0.14011397423191277
cell_1/comb_iter_3/add,OpenCL,382.0,6146.454545454545,16.090195145168966
cell_2/cell_base/_reduce_prev_layer_relu,OpenCL,876.0,18.636363636363637,0.021274387712743877
cell_2/cell_base/_reduce_prev_layer_Conv1x1,OpenCL,7115.090909090909,9156.90909090909,1.286970076406102
cell_2/comb_iter_0/left/bf_relu_0,CPU,242.0909090909091,372.72727272727275,1.5396169733383402
cell_2/comb_iter_0/left/separable_depthwise5x5_1,CPU,1738.2222222222222,1971.5454545454545,1.1342309569745008
cell_2/comb_iter_0/left/separable_pointwise5x5_1,CPU,3773.9,4205.454545454545,1.1143524061195433
cell_2/comb_iter_0/left/af_relu_0,CPU,265.5,359.27272727272725,1.3531929464132852
cell_2/comb_iter_0/left/separable_depthwise5x5_2,CPU,1772.4545454545455,1922.090909090909,1.0844232446017334
cell_2/comb_iter_0/left/separable_pointwise5x5_2,CPU,3684.6363636363635,3907.0,1.0603488687671165
cell_2/comb_iter_0/right/pooling/maxpool_3,CPU,1126.2727272727273,1178.3636363636363,1.0462507062716926
cell_2/comb_iter_0/add,CPU,405.1818181818182,419.54545454545456,1.0354498541619923
cell_2/comb_iter_4/left/bf_relu_0,OpenCL,323.45454545454544,69.27272727272727,0.21416526138279932
cell_2/comb_iter_4/left/separable_depthwise3x3_1,OpenCL,689.0,96.63636363636364,0.14025597044464969
cell_2/comb_iter_4/left/separable_pointwise3x3_1,OpenCL,2096.181818181818,172.63636363636363,0.08235753317720532
cell_2/comb_iter_4/left/af_relu_0,OpenCL,322.6363636363636,18.363636363636363,0.05691744153282615
cell_2/comb_iter_4/left/separable_depthwise3x3_2,OpenCL,687.8,94.27272727272727,0.13706415712812922
cell_2/comb_iter_4/left/separable_pointwise3x3_2,OpenCL,2088.181818181818,105.72727272727273,0.05063125816282108
cell_1/cell_base/_reduce_prev_layer_relu,CPU,791.9090909090909,990.9090909090909,1.2512914705544713
cell_1/cell_base/_reduce_prev_layer_Conv1x1,CPU,7949.636363636364,7930.090909090909,0.9975413397982754
cell_1/comb_iter_0/left/bf_relu_0,CPU,275.27272727272725,286.45454545454544,1.0406208718626155
cell_1/comb_iter_0/left/separable_depthwise5x5_1,CPU,1792.4545454545455,2105.5454545454545,1.1746716031850686
cell_1/comb_iter_0/left/separable_pointwise5x5_1,CPU,3640.090909090909,3704.7272727272725,1.0177567992807373
cell_1/comb_iter_0/left/af_relu_0,CPU,268.27272727272725,309.45454545454544,1.153507285665876
cell_1/comb_iter_0/left/separable_depthwise5x5_2,CPU,1800.5454545454545,1866.4545454545455,1.0366050691709583
cell_1/comb_iter_0/left/separable_pointwise5x5_2,CPU,3685.7272727272725,3736.6363636363635,1.0138124953752805
cell_1/comb_iter_0/right/pooling/maxpool_3,CPU,1155.7272727272727,1118.0,0.9673562495083773
cell_1/comb_iter_0/add,CPU,447.09090909090907,454.6363636363636,1.0168767791785278
cell_1/comb_iter_4/left/bf_relu_0,OpenCL,327.72727272727275,25.09090909090909,0.07656033287101248
cell_1/comb_iter_4/left/separable_depthwise3x3_1,OpenCL,677.3,84.72727272727273,0.12509563373286983
cell_1/comb_iter_4/left/separable_pointwise3x3_1,OpenCL,2075.4545454545455,103.36363636363636,0.049802890932982916
cell_1/comb_iter_4/left/af_relu_0,OpenCL,313.0,17.545454545454547,0.056055765320941045
cell_1/comb_iter_4/left/separable_depthwise3x3_2,OpenCL,681.4,77.72727272727273,0.11406996291058517
cell_1/comb_iter_4/left/separable_pointwise3x3_2,OpenCL,2111.818181818182,91.9090909090909,0.04352130865260439
cell_1/comb_iter_4/add,OpenCL,403.3,10911.0,27.054302008430447
cell_1/cell_output/concat,OpenCL,850.2727272727273,243.27272727272728,0.28611140810435154
cell_2/cell_base/relu,OpenCL,867.3333333333334,27.272727272727273,0.03144434351198379
cell_2/cell_base/Conv1x1,OpenCL,7076.6,8486.0,1.1991634400700901
cell_2/comb_iter_1/left/bf_relu_0,OpenCL,319.3333333333333,48.54545454545455,0.15202125640539002
cell_2/comb_iter_1/left/separable_depthwise7x7_1,OpenCL,7318.818181818182,81.9090909090909,0.01119157340355497
cell_2/comb_iter_1/left/separable_pointwise7x7_1,OpenCL,2230.777777777778,129.1818181818182,0.05790886903602947
cell_2/comb_iter_1/left/af_relu_0,OpenCL,292.0,16.727272727272727,0.057285180572851806
cell_2/comb_iter_1/left/separable_depthwise7x7_2,OpenCL,7328.272727272727,70.63636363636364,0.00963888303085187
cell_2/comb_iter_1/left/separable_pointwise7x7_2,OpenCL,2178.6363636363635,90.9090909090909,0.041727519298977674
cell_2/comb_iter_1/right/pooling/maxpool_3,OpenCL,726.5555555555555,47.27272727272727,0.06506416049159588
cell_2/comb_iter_1/add,OpenCL,372.3333333333333,19649.272727272728,52.773337673964356
cell_2/comb_iter_2/left/bf_relu_0,CPU,348.1818181818182,714.6363636363636,2.0524804177545692
cell_2/comb_iter_2/left/separable_depthwise5x5_1,CPU,1969.909090909091,2169.0,1.1010660390419493
cell_2/comb_iter_2/left/separable_pointwise5x5_1,CPU,3709.818181818182,3983.090909090909,1.0736620270535189
cell_2/comb_iter_2/left/af_relu_0,CPU,306.45454545454544,308.8181818181818,1.0077128448531594
cell_2/comb_iter_2/left/separable_depthwise5x5_2,CPU,1899.5454545454545,1903.2727272727273,1.0019621919119406
cell_2/comb_iter_2/left/separable_pointwise5x5_2,CPU,3724.4545454545455,3723.909090909091,0.9998535478044375
cell_2/comb_iter_2/right/bf_relu_0,CPU,386.8181818181818,331.8181818181818,0.8578143360752056
cell_2/comb_iter_2/right/separable_depthwise3x3_1,CPU,1189.090909090909,1339.0,1.1260703363914373
cell_2/comb_iter_2/right/separable_pointwise3x3_1,CPU,3715.5454545454545,3731.4545454545455,1.00428176457635
cell_2/comb_iter_2/right/af_relu_0,CPU,292.6363636363636,313.90909090909093,1.0726933830382108
cell_2/comb_iter_2/right/separable_depthwise3x3_2,CPU,1207.909090909091,1468.5454545454545,1.2157748174907803
cell_2/comb_iter_2/right/separable_pointwise3x3_2,CPU,3722.909090909091,3710.5454545454545,0.9966790388747802
cell_2/comb_iter_2/add,CPU,405.4,419.27272727272725,1.0342198502040634
cell_2/comb_iter_3/left/bf_relu_0,OpenCL,310.4,68.63636363636364,0.22112230552952206
cell_2/comb_iter_3/left/separable_depthwise3x3_1,OpenCL,709.2,1143.8181818181818,1.612828795569912
cell_2/comb_iter_3/left/separable_pointwise3x3_1,OpenCL,2113.5454545454545,148.36363636363637,0.07019656759430513
cell_2/comb_iter_3/left/af_relu_0,OpenCL,316.4,17.0,0.053729456384323644
cell_2/comb_iter_3/left/separable_depthwise3x3_2,OpenCL,693.4,81.81818181818181,0.11799564727167842
cell_2/comb_iter_3/left/separable_pointwise3x3_2,OpenCL,2098.0,92.36363636363636,0.04402461218476471
cell_2/comb_iter_3/right/pooling/maxpool_3,OpenCL,745.6363636363636,107.18181818181819,0.14374542794440381
cell_2/comb_iter_3/add,OpenCL,383.3636363636364,6309.090909090909,16.457197059520986
cell_2/comb_iter_4/add,OpenCL,401.4,1739.8181818181818,4.334375141550029
cell_2/cell_output/concat,OpenCL,837.3,208.1818181818182,0.24863468073786957
cell_3/cell_base/relu,OpenCL,861.8,25.545454545454547,0.029641975569104837
cell_3/cell_base/Conv1x1,OpenCL,7185.272727272727,8440.90909090909,1.1747513854095497
cell_3/comb_iter_1/left/bf_relu_0,OpenCL,321.6,45.90909090909091,0.14275214834916325
cell_3/comb_iter_1/left/separable_depthwise7x7_1,OpenCL,7380.545454545455,77.36363636363636,0.010482102825610325
cell_3/comb_iter_1/left/separable_pointwise7x7_1,OpenCL,2179.1111111111113,138.0,0.06332857434223944
cell_3/comb_iter_1/left/af_relu_0,OpenCL,296.27272727272725,17.636363636363637,0.059527462411782764
cell_3/comb_iter_1/left/separable_depthwise7x7_2,OpenCL,7309.454545454545,76.9090909090909,0.01052186458385155
cell_3/comb_iter_1/left/separable_pointwise7x7_2,OpenCL,2167.7272727272725,90.27272727272727,0.04164395051373453
cell_3/comb_iter_1/right/pooling/maxpool_3,OpenCL,744.0,50.0,0.06720430107526881
cell_3/comb_iter_1/add,OpenCL,381.8181818181818,19508.81818181818,51.09452380952381
cell_3/comb_iter_2/left/bf_relu_0,CPU,355.6,675.9090909090909,1.9007567235913692
cell_3/comb_iter_2/left/separable_depthwise5x5_1,CPU,2062.818181818182,2346.909090909091,1.1377198008020801
cell_3/comb_iter_2/left/separable_pointwise5x5_1,CPU,3792.3636363636365,4041.6363636363635,1.0657301754722408
cell_3/comb_iter_2/left/af_relu_0,CPU,316.8181818181818,321.6363636363636,1.0152080344332854
cell_3/comb_iter_2/left/separable_depthwise5x5_2,CPU,1968.6363636363637,1988.2727272727273,1.0099746017086122
cell_3/comb_iter_2/left/separable_pointwise5x5_2,CPU,3783.4545454545455,3716.3636363636365,0.982267288192609
cell_3/comb_iter_2/right/bf_relu_0,CPU,392.54545454545456,345.27272727272725,0.8795738767948124
cell_3/comb_iter_2/right/separable_depthwise3x3_1,CPU,1217.090909090909,1339.4545454545455,1.1005377950403348
cell_3/comb_iter_2/right/separable_pointwise3x3_1,CPU,3677.5454545454545,3760.909090909091,1.0226682817096384
cell_3/comb_iter_2/right/af_relu_0,CPU,291.27272727272725,334.54545454545456,1.1485642946317105
cell_3/comb_iter_2/right/separable_depthwise3x3_2,CPU,1123.090909090909,1500.2727272727273,1.3358426420592522
cell_3/comb_iter_2/right/separable_pointwise3x3_2,CPU,3633.4545454545455,3894.0,1.071707365892714
cell_3/comb_iter_2/add,CPU,472.1818181818182,458.1818181818182,0.9703504043126685
cell_3/comb_iter_3/left/bf_relu_0,OpenCL,313.9,57.27272727272727,0.18245532740594864
cell_3/comb_iter_3/left/separable_depthwise3x3_1,OpenCL,674.3,159.0909090909091,0.23593490892912516
cell_3/comb_iter_3/left/separable_pointwise3x3_1,OpenCL,2077.4545454545455,158.8181818181818,0.07644845090145282
cell_3/comb_iter_3/left/af_relu_0,OpenCL,309.0,36.09090909090909,0.11679905854663138
cell_3/comb_iter_3/left/separable_depthwise3x3_2,OpenCL,690.3,101.0,0.1463131971606548
cell_3/comb_iter_3/left/separable_pointwise3x3_2,OpenCL,2120.181818181818,142.8181818181818,0.06736128976931653
cell_3/comb_iter_3/right/pooling/maxpool_3,OpenCL,729.4,110.0,0.1508088840142583
cell_3/comb_iter_3/add,OpenCL,378.5,5973.363636363636,15.781674072294944
cell_4/cell_base/_reduce_prev_layer_relu,OpenCL,875.1111111111111,21.454545454545453,0.0245163673299783
cell_4/cell_base/_reduce_prev_layer_Conv1x1,OpenCL,10612.727272727272,12585.818181818182,1.1859174233339045
cell_4/comb_iter_0/left/bf_relu_0,CPU,544.4545454545455,902.4545454545455,1.657538821172149
cell_4/comb_iter_0/left/separable_depthwise5x5_1,CPU,4127.0,4748.181818181818,1.15051655395731
cell_4/comb_iter_0/left/separable_pointwise5x5_1,CPU,3031.4,3375.5454545454545,1.1135269032610196
cell_4/comb_iter_0/left/af_relu_0,CPU,203.45454545454547,214.45454545454547,1.0540661304736372
cell_4/comb_iter_0/left/separable_depthwise5x5_2,CPU,1099.1,1172.3636363636363,1.0666578440211412
cell_4/comb_iter_0/left/separable_pointwise5x5_2,CPU,2911.3636363636365,2957.090909090909,1.0157064793130366
cell_4/comb_iter_0/right/pooling/maxpool_3,CPU,1455.0,1700.909090909091,1.169009684473602
cell_4/comb_iter_0/add,CPU,281.09090909090907,324.0,1.1526520051746443
cell_4/comb_iter_4/left/bf_relu_0,OpenCL,522.0,53.63636363636363,0.1027516544757924
cell_4/comb_iter_4/left/separable_depthwise3x3_1,OpenCL,1011.9090909090909,98.54545454545455,0.09738567963345612
cell_4/comb_iter_4/left/separable_pointwise3x3_1,OpenCL,1682.4545454545455,146.36363636363637,0.08699411033662939
cell_4/comb_iter_4/left/af_relu_0,OpenCL,249.27272727272728,21.818181818181817,0.087527352297593
cell_4/comb_iter_4/left/separable_depthwise3x3_2,OpenCL,707.3,106.27272727272727,0.15025127565775098
cell_4/comb_iter_4/left/separable_pointwise3x3_2,OpenCL,1717.6363636363637,122.63636363636364,0.07139832751137927
cell_3/cell_base/_reduce_prev_layer_relu,OpenCL,881.5454545454545,24.90909090909091,0.028256161699494693
cell_3/cell_base/_reduce_prev_layer_Conv1x1,OpenCL,7160.454545454545,12891.363636363636,1.8003554878435855
cell_3/comb_iter_0/left/bf_relu_0,CPU,271.2,435.8181818181818,1.6069991954947707
cell_3/comb_iter_0/left/separable_depthwise5x5_1,CPU,1843.909090909091,2068.3636363636365,1.1217275550954
cell_3/comb_iter_0/left/separable_pointwise5x5_1,CPU,3754.0,4097.636363636364,1.0915387223325423
cell_3/comb_iter_0/left/af_relu_0,CPU,283.6,314.54545454545456,1.1091165534042826
cell_3/comb_iter_0/left/separable_depthwise5x5_2,CPU,1800.090909090909,1912.4545454545455,1.0624210898439475
cell_3/comb_iter_0/left/separable_pointwise5x5_2,CPU,3752.090909090909,3801.7272727272725,1.013228987473651
cell_3/comb_iter_0/right/pooling/maxpool_3,CPU,1135.8181818181818,1074.3636363636363,0.9458940291339842
cell_3/comb_iter_0/add,CPU,430.0,413.09090909090907,0.960676532769556
cell_3/comb_iter_4/left/bf_relu_0,OpenCL,327.1818181818182,65.63636363636364,0.20061128091136426
cell_3/comb_iter_4/left/separable_depthwise3x3_1,OpenCL,686.3,117.18181818181819,0.17074430741923094
cell_3/comb_iter_4/left/separable_pointwise3x3_1,OpenCL,2106.0,282.54545454545456,0.13416213416213416
cell_3/comb_iter_4/left/af_relu_0,OpenCL,318.625,22.454545454545453,0.07047326937479938
cell_3/comb_iter_4/left/separable_depthwise3x3_2,OpenCL,714.1111111111111,99.81818181818181,0.13977962289771842
cell_3/comb_iter_4/left/separable_pointwise3x3_2,OpenCL,2120.6363636363635,110.54545454545455,0.05212843486089082
cell_3/comb_iter_4/add,OpenCL,398.1818181818182,5950.818181818182,14.944977168949771
cell_3/cell_output/concat,OpenCL,836.9,278.45454545454544,0.3327214069238206
cell_4/cell_base/relu,OpenCL,853.8,22.09090909090909,0.02587363444707085
cell_4/cell_base/Conv1x1,OpenCL,10745.272727272728,13826.181818181818,1.286722279564798
cell_4/comb_iter_1/left/bf_relu_0,OpenCL,513.5555555555555,44.45454545454545,0.08656229101923607
cell_4/comb_iter_1/left/separable_depthwise7x7_1,OpenCL,3939.3636363636365,81.45454545454545,0.02067708213140101
cell_4/comb_iter_1/left/separable_pointwise7x7_1,OpenCL,1684.3636363636363,91.45454545454545,0.054296200345423144
cell_4/comb_iter_1/left/af_relu_0,OpenCL,230.54545454545453,14.636363636363637,0.0634858044164038
cell_4/comb_iter_1/left/separable_depthwise7x7_2,OpenCL,3454.0,60.81818181818182,0.01760804337526978
cell_4/comb_iter_1/left/separable_pointwise7x7_2,OpenCL,1741.8181818181818,93.9090909090909,0.05391440501043841
cell_4/comb_iter_1/right/pooling/maxpool_3,OpenCL,949.0,63.36363636363637,0.0667688475907654
cell_4/comb_iter_1/add,OpenCL,270.6666666666667,11761.0,43.45197044334975
cell_4/comb_iter_2/left/bf_relu_0,CPU,664.5555555555555,1074.909090909091,1.6174856743323556
cell_4/comb_iter_2/left/separable_depthwise5x5_1,CPU,4174.0,4802.909090909091,1.1506729973428584
cell_4/comb_iter_2/left/separable_pointwise5x5_1,CPU,2986.2727272727275,3149.3636363636365,1.0546135346585892
cell_4/comb_iter_2/left/af_relu_0,CPU,215.5,239.8181818181818,1.112845391267665
cell_4/comb_iter_2/left/separable_depthwise5x5_2,CPU,1029.7272727272727,1104.8181818181818,1.0729231040875782
cell_4/comb_iter_2/left/separable_pointwise5x5_2,CPU,2923.2727272727275,2971.090909090909,1.0163577559397934
cell_4/comb_iter_2/right/bf_relu_0,CPU,701.9090909090909,691.8181818181819,0.9856236238829168
cell_4/comb_iter_2/right/separable_depthwise3x3_1,CPU,2080.7272727272725,2172.4545454545455,1.0440842362810208
cell_4/comb_iter_2/right/separable_pointwise3x3_1,CPU,2855.181818181818,2859.818181818182,1.001623841818703
cell_4/comb_iter_2/right/af_relu_0,CPU,214.63636363636363,196.45454545454547,0.9152901313002966
cell_4/comb_iter_2/right/separable_depthwise3x3_2,CPU,505.29999999999995,570.3636363636364,1.128762391378659
cell_4/comb_iter_2/right/separable_pointwise3x3_2,CPU,2852.818181818182,2893.6363636363635,1.014308020776903
cell_4/comb_iter_2/add,CPU,297.72727272727275,301.8181818181818,1.0137404580152671
cell_4/comb_iter_3/left/bf_relu_0,OpenCL,251.9,70.0,0.277888050813815
cell_4/comb_iter_3/left/separable_depthwise3x3_1,OpenCL,723.9,187.45454545454547,0.25895088472792577
cell_4/comb_iter_3/left/separable_pointwise3x3_1,OpenCL,1682.1818181818182,97.0,0.057663207955036745
cell_4/comb_iter_3/left/af_relu_0,OpenCL,254.9090909090909,18.363636363636363,0.07203994293865906
cell_4/comb_iter_3/left/separable_depthwise3x3_2,OpenCL,687.5,75.81818181818181,0.11028099173553718
cell_4/comb_iter_3/left/separable_pointwise3x3_2,OpenCL,1705.909090909091,471.09090909090907,0.27615241140420993
cell_4/comb_iter_3/right/pooling/maxpool_3,OpenCL,939.1818181818181,94.27272727272727,0.1003775045978124
cell_4/comb_iter_3/add,OpenCL,272.09090909090907,6199.909090909091,22.786167724690948
cell_4/comb_iter_4/right/relu,OpenCL,475.45454545454544,16.818181818181817,0.03537284894837476
cell_4/comb_iter_4/right/Conv1x1,OpenCL,1701.1818181818182,194.8181818181818,0.11451931812109228
cell_4/comb_iter_4/add,OpenCL,262.90909090909093,3536.0,13.44951590594744
cell_4/cell_output/concat,OpenCL,552.7272727272727,656.6363636363636,1.1879934210526315
cell_5/cell_base/relu,CPU,1176.0,1518.5454545454545,1.2912801484230054
cell_5/cell_base/Conv1x1,CPU,13066.90909090909,14430.545454545454,1.1043579896476874
cell_5/comb_iter_1/left/bf_relu_0,OpenCL,349.1666666666667,56.90909090909091,0.1629854632241267
cell_5/comb_iter_1/left/separable_depthwise7x7_1,OpenCL,3536.5454545454545,94.45454545454545,0.026708138399054032
cell_5/comb_iter_1/left/separable_pointwise7x7_1,OpenCL,1758.090909090909,181.0909090909091,0.10300429184549356
cell_5/comb_iter_1/left/af_relu_0,OpenCL,235.44444444444446,17.90909090909091,0.0760650392552233
cell_5/comb_iter_1/left/separable_depthwise7x7_2,OpenCL,3463.7272727272725,66.0,0.01905461798902916
cell_5/comb_iter_1/left/separable_pointwise7x7_2,OpenCL,1820.0,88.54545454545455,0.04865134865134865
cell_5/comb_iter_1/right/pooling/maxpool_3,OpenCL,619.4,46.54545454545455,0.07514603575307482
cell_5/comb_iter_1/add,OpenCL,275.0,10429.363636363636,37.92495867768595
cell_5/comb_iter_2/left/bf_relu_0,CPU,207.1,554.3636363636364,2.67679206356174
cell_5/comb_iter_2/left/separable_depthwise5x5_1,CPU,994.3333333333334,1063.6363636363637,1.069697985554506
cell_5/comb_iter_2/left/separable_pointwise5x5_1,CPU,2951.181818181818,2929.2727272727275,0.9925761636324432
cell_5/comb_iter_2/left/af_relu_0,CPU,233.72727272727272,228.8181818181818,0.9789964994165694
cell_5/comb_iter_2/left/separable_depthwise5x5_2,CPU,1016.9999999999999,1001.3636363636364,0.9846250111736838
cell_5/comb_iter_2/left/separable_pointwise5x5_2,CPU,2907.4545454545455,2863.0,0.9847101494590708
cell_5/comb_iter_2/right/bf_relu_0,CPU,290.1818181818182,300.8181818181818,1.0366541353383458
cell_5/comb_iter_2/right/separable_depthwise3x3_1,CPU,498.72727272727275,568.8181818181819,1.1405395552314985
cell_5/comb_iter_2/right/separable_pointwise3x3_1,CPU,2913.090909090909,2909.818181818182,0.9988765447509675
cell_5/comb_iter_2/right/af_relu_0,CPU,221.36363636363637,245.72727272727272,1.1100616016427103
cell_5/comb_iter_2/right/separable_depthwise3x3_2,CPU,499.6363636363636,635.3636363636364,1.2716521106259098
cell_5/comb_iter_2/right/separable_pointwise3x3_2,CPU,2893.0,2933.7272727272725,1.0140778682085283
cell_5/comb_iter_2/add,CPU,297.3636363636364,337.6363636363636,1.135432589422195
cell_5/comb_iter_3/left/bf_relu_0,OpenCL,253.6,57.45454545454545,0.22655577860625178
cell_5/comb_iter_3/left/separable_depthwise3x3_1,OpenCL,748.6,101.18181818181819,0.13516139217448328
cell_5/comb_iter_3/left/separable_pointwise3x3_1,OpenCL,1741.7272727272727,159.0,0.091288689388799
cell_5/comb_iter_3/left/af_relu_0,OpenCL,248.7,20.636363636363637,0.08297693460540265
cell_5/comb_iter_3/left/separable_depthwise3x3_2,OpenCL,707.7,82.81818181818181,0.11702441969504282
cell_5/comb_iter_3/left/separable_pointwise3x3_2,OpenCL,1704.4545454545455,106.9090909090909,0.06272334524507973
cell_5/comb_iter_3/right/pooling/maxpool_3,OpenCL,595.6,117.72727272727273,0.1976616399047561
cell_5/comb_iter_3/add,OpenCL,268.6363636363636,4771.636363636364,17.762436548223352
cell_6/cell_base/_reduce_prev_layer_relu,OpenCL,559.6666666666666,27.727272727272727,0.04954247658238129
cell_6/cell_base/_reduce_prev_layer_Conv1x1,OpenCL,7536.272727272727,8497.818181818182,1.1275889938358725
cell_6/comb_iter_0/left/bf_relu_0,OpenCL,267.6666666666667,56.0,0.2092154420921544
cell_6/comb_iter_0/left/separable_depthwise5x5_1,OpenCL,2246.818181818182,109.63636363636364,0.04879627756423224
cell_6/comb_iter_0/left/separable_pointwise5x5_1,OpenCL,1712.8181818181818,143.36363636363637,0.08370044052863437
cell_6/comb_iter_0/left/af_relu_0,OpenCL,232.1818181818182,16.818181818181817,0.07243539545810493
cell_6/comb_iter_0/left/separable_depthwise5x5_2,OpenCL,2242.909090909091,66.63636363636364,0.029709792477302207
cell_6/comb_iter_0/left/separable_pointwise5x5_2,OpenCL,1690.4545454545455,91.27272727272727,0.053993008873353045
cell_6/comb_iter_0/right/pooling/maxpool_3,OpenCL,584.9,51.09090909090909,0.08734981892786646
cell_6/comb_iter_0/add,OpenCL,269.1818181818182,8509.90909090909,31.61398176291793
cell_6/comb_iter_4/left/bf_relu_0,CPU,188.2,281.1818181818182,1.4940585450681094
cell_6/comb_iter_4/left/separable_depthwise3x3_1,CPU,439.27272727272725,581.4545454545455,1.3236754966887418
cell_6/comb_iter_4/left/separable_pointwise3x3_1,CPU,2850.4545454545455,2866.909090909091,1.0057726040503907
cell_6/comb_iter_4/left/af_relu_0,CPU,193.45454545454547,204.27272727272728,1.055921052631579
cell_6/comb_iter_4/left/separable_depthwise3x3_2,CPU,446.45454545454544,569.5454545454545,1.2757075951944614
cell_6/comb_iter_4/left/separable_pointwise3x3_2,CPU,2832.181818181818,2915.0,1.0292418309045388
cell_5/cell_base/_reduce_prev_layer_relue,OpenCL,795.4545454545455,20.363636363636363,0.025599999999999998
cell_5/cell_base/_reduce_prev_layer_prev_1x1_path1_pooling,OpenCL,487.45454545454544,15.454545454545455,0.031704587840358074
cell_5/cell_base/_reduce_prev_layer_prev_1x1_path1_conv,OpenCL,2736.181818181818,208.72727272727272,0.07628413848096219
cell_5/cell_base/_reduce_prev_layer_prev_1x1_path2_pooling,OpenCL,488.8181818181818,23.272727272727273,0.04761019155663009
cell_5/cell_base/_reduce_prev_layer_prev_1x1_path2_conv,OpenCL,2740.4545454545455,119.81818181818181,0.043722010283629126
cell_5/cell_base/_reduce_prev_layer_prev_1x1_concat,OpenCL,271.4,7590.727272727273,27.968781402827094
cell_5/comb_iter_0/left/bf_relu_0,OpenCL,232.0,66.81818181818181,0.2880094043887147
cell_5/comb_iter_0/left/separable_depthwise5x5_1,OpenCL,2269.1,86.0909090909091,0.037940553122783965
cell_5/comb_iter_0/left/separable_pointwise5x5_1,OpenCL,1641.4545454545455,262.27272727272725,0.15978068232166592
cell_5/comb_iter_0/left/af_relu_0,OpenCL,224.0909090909091,16.545454545454547,0.07383367139959432
cell_5/comb_iter_0/left/separable_depthwise5x5_2,OpenCL,2222.818181818182,70.18181818181819,0.031573350783199054
cell_5/comb_iter_0/left/separable_pointwise5x5_2,OpenCL,1696.2727272727273,92.36363636363636,0.05445093520553084
cell_5/comb_iter_0/right/pooling/maxpool_3,OpenCL,582.3,46.36363636363637,0.07962156339281534
cell_5/comb_iter_0/add,OpenCL,264.25,8131.363636363636,30.771480175453686
cell_5/comb_iter_4/left/bf_relu_0,CPU,196.54545454545453,287.72727272727275,1.463922294172063
cell_5/comb_iter_4/left/separable_depthwise3x3_1,CPU,456.2,545.3636363636364,1.1954485672153363
cell_5/comb_iter_4/left/separable_pointwise3x3_1,CPU,2890.818181818182,2861.4545454545455,0.9898424478757193
cell_5/comb_iter_4/left/af_relu_0,CPU,196.0909090909091,189.54545454545453,0.9666203059805284
cell_5/comb_iter_4/left/separable_depthwise3x3_2,CPU,448.90909090909093,541.9090909090909,1.2071688942891858
cell_5/comb_iter_4/left/separable_pointwise3x3_2,CPU,2869.181818181818,2833.818181818182,0.9876746617661039
cell_5/comb_iter_4/add,CPU,302.54545454545456,310.8181818181818,1.02734375
cell_5/cell_output/concat,OpenCL,561.0909090909091,871.3636363636364,1.5529812054439402
cell_6/cell_base/relu,CPU,1026.5454545454545,1021.7272727272727,0.9953064116188453
cell_6/cell_base/Conv1x1,CPU,12953.818181818182,13565.272727272728,1.0472026499733318
cell_6/comb_iter_1/left/bf_relu_0,OpenCL,325.14285714285717,65.0,0.19991212653778556
cell_6/comb_iter_1/left/separable_depthwise7x7_1,OpenCL,3482.5454545454545,276.72727272727275,0.07946120914691449
cell_6/comb_iter_1/left/separable_pointwise7x7_1,OpenCL,1740.5454545454545,105.9090909090909,0.06084821894912776
cell_6/comb_iter_1/left/af_relu_0,OpenCL,229.27272727272728,15.181818181818182,0.0662172878667724
cell_6/comb_iter_1/left/separable_depthwise7x7_2,OpenCL,3437.3636363636365,74.18181818181819,0.021581021395890087
cell_6/comb_iter_1/left/separable_pointwise7x7_2,OpenCL,1651.6363636363637,789.0909090909091,0.4777630999559665
cell_6/comb_iter_1/right/pooling/maxpool_3,OpenCL,585.9,52.63636363636363,0.08983847693525113
cell_6/comb_iter_1/add,OpenCL,265.3636363636364,11912.727272727272,44.89208633093525
cell_6/comb_iter_2/left/bf_relu_0,CPU,202.2,580.3636363636364,2.870245481521446
cell_6/comb_iter_2/left/separable_depthwise5x5_1,CPU,972.7272727272727,1487.5454545454545,1.5292523364485981
cell_6/comb_iter_2/left/separable_pointwise5x5_1,CPU,2862.9,2957.7272727272725,1.0331228030064872
cell_6/comb_iter_2/left/af_relu_0,CPU,217.54545454545453,201.0909090909091,0.924362724613456
cell_6/comb_iter_2/left/separable_depthwise5x5_2,CPU,989.0,1014.8181818181819,1.02610534056439
cell_6/comb_iter_2/left/separable_pointwise5x5_2,CPU,2889.2727272727275,2880.090909090909,0.9968221005600654
cell_6/comb_iter_2/right/bf_relu_0,CPU,271.0,278.45454545454544,1.0275075478027507
cell_6/comb_iter_2/right/separable_depthwise3x3_1,CPU,486.27272727272725,545.6363636363636,1.122078893251075
cell_6/comb_iter_2/right/separable_pointwise3x3_1,CPU,2889.909090909091,2853.6363636363635,0.9874484884708546
cell_6/comb_iter_2/right/af_relu_0,CPU,229.72727272727272,214.9090909090909,0.9354966363276612
cell_6/comb_iter_2/right/separable_depthwise3x3_2,CPU,504.7272727272728,558.3636363636364,1.1062680115273773
cell_6/comb_iter_2/right/separable_pointwise3x3_2,CPU,2905.6363636363635,2871.181818181818,0.9881421688254802
cell_6/comb_iter_2/add,CPU,310.0,294.54545454545456,0.9501466275659824
cell_6/comb_iter_3/left/bf_relu_0,OpenCL,245.72727272727272,67.27272727272727,0.2737698853126156
cell_6/comb_iter_3/left/separable_depthwise3x3_1,OpenCL,702.5,1269.6363636363637,1.8073115496603043
cell_6/comb_iter_3/left/separable_pointwise3x3_1,OpenCL,1708.2727272727273,208.0909090909091,0.12181363418657869
cell_6/comb_iter_3/left/af_relu_0,OpenCL,254.30000000000004,18.545454545454547,0.07292746577056447
cell_6/comb_iter_3/left/separable_depthwise3x3_2,OpenCL,687.4,119.36363636363636,0.17364509217869706
cell_6/comb_iter_3/left/separable_pointwise3x3_2,OpenCL,1686.8181818181818,233.9090909090909,0.13866882241983294
cell_6/comb_iter_3/right/pooling/maxpool_3,OpenCL,577.9,97.18181818181819,0.168163727603077
cell_6/comb_iter_3/add,OpenCL,269.2,5633.090909090909,20.92530055382953
cell_6/comb_iter_4/add,CPU,301.09090909090907,328.0,1.0893719806763287
cell_6/cell_output/concat,OpenCL,552.8181818181819,233.0909090909091,0.42164117743792134
cell_7/cell_base/relu,OpenCL,554.5,26.09090909090909,0.047053037134191324
cell_7/cell_base/Conv1x1,OpenCL,7768.363636363636,8715.09090909091,1.1218695876047373
cell_7/comb_iter_1/left/bf_relu_0,OpenCL,289.55555555555554,60.81818181818182,0.2100397683667062
cell_7/comb_iter_1/left/separable_depthwise7x7_1,OpenCL,3408.4545454545455,93.36363636363636,0.02739177979889579
cell_7/comb_iter_1/left/separable_pointwise7x7_1,OpenCL,1695.4545454545455,144.54545454545453,0.08525469168900804
cell_7/comb_iter_1/left/af_relu_0,OpenCL,228.0,16.545454545454547,0.07256778309409889
cell_7/comb_iter_1/left/separable_depthwise7x7_2,OpenCL,3392.4545454545455,74.81818181818181,0.02205429160972211
cell_7/comb_iter_1/left/separable_pointwise7x7_2,OpenCL,1686.090909090909,181.45454545454547,0.10761848277349438
cell_7/comb_iter_1/right/pooling/maxpool_3,OpenCL,576.9,49.81818181818182,0.08635496935028918
cell_7/comb_iter_1/add,OpenCL,268.4,11363.818181818182,42.33911394120038
cell_7/comb_iter_2/left/bf_relu_0,CPU,216.0,253.1818181818182,1.1721380471380471
cell_7/comb_iter_2/left/separable_depthwise5x5_1,CPU,1074.7777777777778,973.4545454545455,0.9057263423023787
cell_7/comb_iter_2/left/separable_pointwise5x5_1,CPU,3020.181818181818,2816.5454545454545,0.932574799831437
cell_7/comb_iter_2/left/af_relu_0,CPU,233.5,199.0909090909091,0.8526377262993965
cell_7/comb_iter_2/left/separable_depthwise5x5_2,CPU,1003.7272727272727,978.8181818181819,0.9751834073000635
cell_7/comb_iter_2/left/separable_pointwise5x5_2,CPU,2884.181818181818,2841.7272727272725,0.9852802118136544
cell_7/comb_iter_2/right/bf_relu_0,CPU,281.45454545454544,291.1818181818182,1.034560723514212
cell_7/comb_iter_2/right/separable_depthwise3x3_1,CPU,508.09090909090907,581.3636363636364,1.1442118446949365
cell_7/comb_iter_2/right/separable_pointwise3x3_1,CPU,2894.4545454545455,2883.5454545454545,0.9962310374069537
cell_7/comb_iter_2/right/af_relu_0,CPU,232.27272727272728,188.27272727272728,0.8105675146771038
cell_7/comb_iter_2/right/separable_depthwise3x3_2,CPU,506.4545454545455,597.5454545454545,1.1798599892299406
cell_7/comb_iter_2/right/separable_pointwise3x3_2,CPU,2903.7272727272725,2867.818181818182,0.9876334491719109
cell_7/comb_iter_2/add,CPU,315.90909090909093,401.90909090909093,1.2722302158273382
cell_7/comb_iter_3/left/bf_relu_0,OpenCL,248.72727272727272,63.54545454545455,0.25548245614035087
cell_7/comb_iter_3/left/separable_depthwise3x3_1,OpenCL,703.6,108.81818181818181,0.15465915551191275
cell_7/comb_iter_3/left/separable_pointwise3x3_1,OpenCL,1722.7272727272727,177.63636363636363,0.10311345646437994
cell_7/comb_iter_3/left/af_relu_0,OpenCL,243.36363636363637,19.545454545454547,0.08031378408666418
cell_7/comb_iter_3/left/separable_depthwise3x3_2,OpenCL,715.3,94.9090909090909,0.13268431554465387
cell_7/comb_iter_3/left/separable_pointwise3x3_2,OpenCL,1739.0,115.72727272727273,0.06654817293115166
cell_7/comb_iter_3/right/pooling/maxpool_3,OpenCL,570.5,86.36363636363636,0.15138235997131702
cell_7/comb_iter_3/add,OpenCL,262.8181818181818,4638.545454545455,17.649256312694572
cell_8/cell_base/_reduce_prev_layer_relu,OpenCL,555.7272727272727,16.727272727272727,0.03009978733845902
cell_8/cell_base/_reduce_prev_layer_Conv1x1,OpenCL,12467.90909090909,15088.0,1.2101467768161172
cell_8/comb_iter_0/left/bf_relu_0,CPU,390.0,588.1818181818181,1.508158508158508
cell_8/comb_iter_0/left/separable_depthwise5x5_1,CPU,798.9,821.5454545454545,1.0283457936480842
cell_8/comb_iter_0/left/separable_pointwise5x5_1,CPU,2514.7272727272725,2541.2727272727275,1.0105559973971514
cell_8/comb_iter_0/left/af_relu_0,CPU,142.36363636363637,194.0909090909091,1.363346104725415
cell_8/comb_iter_0/left/separable_depthwise5x5_2,CPU,504.7272727272728,558.7272727272727,1.1069884726224783
cell_8/comb_iter_0/left/separable_pointwise5x5_2,CPU,2513.818181818182,2531.6363636363635,1.0070880948936785
cell_8/comb_iter_0/right/pooling/maxpool_3,CPU,948.7,1051.6363636363637,1.1085025441513268
cell_8/comb_iter_0/add,CPU,215.27272727272728,199.0,0.9244087837837838
cell_8/comb_iter_4/left/bf_relu_0,CPU,403.1818181818182,396.72727272727275,0.9839909808342728
cell_8/comb_iter_4/left/separable_depthwise3x3_1,CPU,580.3636363636364,597.7272727272727,1.0299185463659148
cell_8/comb_iter_4/left/separable_pointwise3x3_1,CPU,2522.090909090909,2531.090909090909,1.0035684677215875
cell_8/comb_iter_4/left/af_relu_0,CPU,142.54545454545453,147.45454545454547,1.0344387755102042
cell_8/comb_iter_4/left/separable_depthwise3x3_2,CPU,247.9090909090909,264.8181818181818,1.0682068206820683
cell_8/comb_iter_4/left/separable_pointwise3x3_2,CPU,2546.3636363636365,2559.7272727272725,1.0052481256694037
cell_7/cell_base/_reduce_prev_layer_relu,CPU,1090.6363636363637,1315.090909090909,1.2058014503625905
cell_7/cell_base/_reduce_prev_layer_Conv1x1,CPU,13112.727272727272,14249.545454545454,1.086695784803106
cell_7/comb_iter_0/left/bf_relu_0,OpenCL,255.11111111111111,52.18181818181818,0.20454545454545453
cell_7/comb_iter_0/left/separable_depthwise5x5_1,OpenCL,2234.3636363636365,106.63636363636364,0.04772560826755635
cell_7/comb_iter_0/left/separable_pointwise5x5_1,OpenCL,1715.5454545454545,116.27272727272727,0.06777595251973928
cell_7/comb_iter_0/left/af_relu_0,OpenCL,229.27272727272728,21.0,0.091593973037272
cell_7/comb_iter_0/left/separable_depthwise5x5_2,OpenCL,2259.818181818182,59.81818181818182,0.026470351597071364
cell_7/comb_iter_0/left/separable_pointwise5x5_2,OpenCL,1675.2727272727273,82.63636363636364,0.04932711091816801
cell_7/comb_iter_0/right/pooling/maxpool_3,OpenCL,577.3333333333334,44.63636363636363,0.07731471761494856
cell_7/comb_iter_0/add,OpenCL,265.3,8054.090909090909,30.358427851831543
cell_7/comb_iter_4/left/bf_relu_0,CPU,200.63636363636363,219.72727272727272,1.095151789759855
cell_7/comb_iter_4/left/separable_depthwise3x3_1,CPU,472.7,534.9090909090909,1.1316037463699828
cell_7/comb_iter_4/left/separable_pointwise3x3_1,CPU,2892.909090909091,2919.181818181818,1.0090817673307773
cell_7/comb_iter_4/left/af_relu_0,CPU,204.27272727272728,258.72727272727275,1.2665776591010236
cell_7/comb_iter_4/left/separable_depthwise3x3_2,CPU,454.8181818181818,656.2727272727273,1.4429342394563263
cell_7/comb_iter_4/left/separable_pointwise3x3_2,CPU,2848.909090909091,2940.4545454545455,1.0321335120301232
cell_7/comb_iter_4/add,CPU,334.54545454545456,499.09090909090907,1.4918478260869563
cell_7/cell_output/concat,OpenCL,553.6363636363636,881.8181818181819,1.5927750410509032
cell_8/cell_base/relu,OpenCL,557.8181818181819,51.0,0.0914276401564537
cell_8/cell_base/Conv1x1,OpenCL,12523.636363636364,13720.545454545454,1.0955720092915213
cell_8/comb_iter_1/left/bf_relu_0,OpenCL,670.375,62.09090909090909,0.09262115844252708
cell_8/comb_iter_1/left/separable_depthwise7x7_1,OpenCL,2200.3,84.0909090909091,0.03821792896010048
cell_8/comb_iter_1/left/separable_pointwise7x7_1,OpenCL,2277.818181818182,189.72727272727272,0.0832934227330779
cell_8/comb_iter_1/left/af_relu_0,OpenCL,213.36363636363637,36.09090909090909,0.16915210907541542
cell_8/comb_iter_1/left/separable_depthwise7x7_2,OpenCL,1908.1818181818182,112.72727272727273,0.05907575035731301
cell_8/comb_iter_1/left/separable_pointwise7x7_2,OpenCL,2292.181818181818,134.0,0.058459585944316654
cell_8/comb_iter_1/right/pooling/maxpool_3,OpenCL,888.9090909090909,55.18181818181818,0.062078134587850275
cell_8/comb_iter_1/add,OpenCL,244.8181818181818,9327.363636363636,38.09914593390271
cell_8/comb_iter_2/left/bf_relu_0,CPU,405.6363636363636,551.4545454545455,1.3594800537875393
cell_8/comb_iter_2/left/separable_depthwise5x5_1,CPU,799.2222222222222,819.2727272727273,1.0250875219594808
cell_8/comb_iter_2/left/separable_pointwise5x5_1,CPU,2543.9,2566.090909090909,1.008723184516258
cell_8/comb_iter_2/left/af_relu_0,CPU,146.5,181.63636363636363,1.2398386596338815
cell_8/comb_iter_2/left/separable_depthwise5x5_2,CPU,495.8,543.3636363636364,1.095933110858484
cell_8/comb_iter_2/left/separable_pointwise5x5_2,CPU,2538.818181818182,2526.6363636363635,0.9952017760590108
cell_8/comb_iter_2/right/bf_relu_0,CPU,498.1818181818182,463.09090909090907,0.9295620437956204
cell_8/comb_iter_2/right/separable_depthwise3x3_1,CPU,550.8888888888889,591.6363636363636,1.0739667754593127
cell_8/comb_iter_2/right/separable_pointwise3x3_1,CPU,2520.0,2537.4545454545455,1.006926406926407
cell_8/comb_iter_2/right/af_relu_0,CPU,149.54545454545453,149.0909090909091,0.9969604863221886
cell_8/comb_iter_2/right/separable_depthwise3x3_2,CPU,254.2,283.1818181818182,1.1140118732565625
cell_8/comb_iter_2/right/separable_pointwise3x3_2,CPU,2524.818181818182,2526.7272727272725,1.0007561300543693
cell_8/comb_iter_2/add,CPU,199.3,226.63636363636363,1.137161884778543
cell_8/comb_iter_3/left/bf_relu_0,OpenCL,257.0,67.0909090909091,0.2610541209763
cell_8/comb_iter_3/left/separable_depthwise3x3_1,OpenCL,519.1111111111111,193.54545454545453,0.3728401307596513
cell_8/comb_iter_3/left/separable_pointwise3x3_1,OpenCL,2308.909090909091,122.72727272727273,0.05315379163713679
cell_8/comb_iter_3/left/af_relu_0,OpenCL,252.81818181818184,25.90909090909091,0.10248112189859762
cell_8/comb_iter_3/left/separable_depthwise3x3_2,OpenCL,511.66666666666674,67.54545454545455,0.13201066034942255
cell_8/comb_iter_3/left/separable_pointwise3x3_2,OpenCL,2314.7,1226.1818181818182,0.5297368204008374
cell_8/comb_iter_3/right/pooling/maxpool_3,OpenCL,879.0,99.81818181818181,0.1135587961526528
cell_8/comb_iter_3/add,OpenCL,246.7,6895.181818181818,27.949662821977373
cell_8/comb_iter_4/right/relu,CPU,426.1818181818182,449.54545454545456,1.054820819112628
cell_8/comb_iter_4/right/Conv1x1,CPU,2626.0,2661.3636363636365,1.0134667312885135
cell_8/comb_iter_4/add,CPU,200.72727272727272,243.54545454545453,1.2133152173913044
cell_8/cell_output/concat,OpenCL,486.90909090909093,222.54545454545453,0.45705750560119485
cell_9/cell_base/relu,OpenCL,420.8181818181818,22.454545454545453,0.053359256858932815
cell_9/cell_base/Conv1x1,OpenCL,8914.09090909091,9774.545454545454,1.096527459079088
cell_9/comb_iter_1/left/bf_relu_0,OpenCL,466.6666666666667,51.90909090909091,0.11123376623376623
cell_9/comb_iter_1/left/separable_depthwise7x7_1,OpenCL,1948.4,108.9090909090909,0.05589667979321027
cell_9/comb_iter_1/left/separable_pointwise7x7_1,OpenCL,2286.3636363636365,108.27272727272727,0.04735586481113319
cell_9/comb_iter_1/left/af_relu_0,OpenCL,216.8,18.454545454545453,0.08512244213351224
cell_9/comb_iter_1/left/separable_depthwise7x7_2,OpenCL,1902.5454545454545,73.81818181818181,0.03879969418960245
cell_9/comb_iter_1/left/separable_pointwise7x7_2,OpenCL,2275.4545454545455,383.8181818181818,0.16867758689572512
cell_9/comb_iter_1/right/pooling/maxpool_3,OpenCL,479.1,49.63636363636363,0.1036033471850629
cell_9/comb_iter_1/add,OpenCL,239.5,9232.272727272728,38.5481115961283
cell_9/comb_iter_2/left/bf_relu_0,CPU,150.9,596.0909090909091,3.950237966142539
cell_9/comb_iter_2/left/separable_depthwise5x5_1,CPU,544.0,1266.8181818181818,2.3287098930481283
cell_9/comb_iter_2/left/separable_pointwise5x5_1,CPU,2652.909090909091,2631.4545454545455,0.9919128229730656
cell_9/comb_iter_2/left/af_relu_0,CPU,152.88888888888889,204.0909090909091,1.334896934460888
cell_9/comb_iter_2/left/separable_depthwise5x5_2,CPU,524.9,576.8181818181819,1.0989106150089196
cell_9/comb_iter_2/left/separable_pointwise5x5_2,CPU,2622.818181818182,2603.6363636363635,0.9926865619909188
cell_9/comb_iter_2/right/bf_relu_0,CPU,189.11111111111111,183.8181818181818,0.9720115372289285
cell_9/comb_iter_2/right/separable_depthwise3x3_1,CPU,279.8888888888889,312.09090909090907,1.115052870908369
cell_9/comb_iter_2/right/separable_pointwise3x3_1,CPU,2592.818181818182,2593.909090909091,1.000420742610708
cell_9/comb_iter_2/right/af_relu_0,CPU,157.0,185.63636363636363,1.1823972206137812
cell_9/comb_iter_2/right/separable_depthwise3x3_2,CPU,278.6363636363636,302.09090909090907,1.0841761827079934
cell_9/comb_iter_2/right/separable_pointwise3x3_2,CPU,2548.7272727272725,2543.090909090909,0.9977885575688401
cell_9/comb_iter_2/add,CPU,223.63636363636363,239.63636363636363,1.0715447154471545
cell_9/comb_iter_3/left/bf_relu_0,OpenCL,257.27272727272725,53.45454545454545,0.20777385159010603
cell_9/comb_iter_3/left/separable_depthwise3x3_1,OpenCL,521.5,111.0,0.21284755512943432
cell_9/comb_iter_3/left/separable_pointwise3x3_1,OpenCL,2278.5454545454545,162.54545454545453,0.07133737631662943
cell_9/comb_iter_3/left/af_relu_0,OpenCL,255.9090909090909,16.363636363636363,0.06394316163410302
cell_9/comb_iter_3/left/separable_depthwise3x3_2,OpenCL,520.1,77.0909090909091,0.14822324378179022
cell_9/comb_iter_3/left/separable_pointwise3x3_2,OpenCL,2255.5454545454545,113.45454545454545,0.05030027004151384
cell_9/comb_iter_3/right/pooling/maxpool_3,OpenCL,504.8,93.0909090909091,0.18441146808817174
cell_9/comb_iter_3/add,OpenCL,239.3,5538.0,23.14249895528625
cell_10/cell_base/_reduce_prev_layer_relu,OpenCL,428.5,17.727272727272727,0.04137053145221173
cell_10/cell_base/_reduce_prev_layer_Conv1x1,OpenCL,8797.09090909091,145.8181818181818,0.01657572751322751
cell_10/comb_iter_0/left/bf_relu_0,OpenCL,270.1111111111111,31.0,0.11476758535582066
cell_10/comb_iter_0/left/separable_depthwise5x5_1,OpenCL,1412.909090909091,77.54545454545455,0.05488354137176682
cell_10/comb_iter_0/left/separable_pointwise5x5_1,OpenCL,2287.4545454545455,112.54545454545455,0.04920117637707654
cell_10/comb_iter_0/left/af_relu_0,OpenCL,217.0909090909091,35.81818181818182,0.16499162479061977
cell_10/comb_iter_0/left/separable_depthwise5x5_2,OpenCL,1398.6363636363637,68.27272727272727,0.04881377965550861
cell_10/comb_iter_0/left/separable_pointwise5x5_2,OpenCL,2270.4545454545455,136.1818181818182,0.05997997997997998
cell_10/comb_iter_0/right/pooling/maxpool_3,OpenCL,486.44444444444446,67.9090909090909,0.139602973545413
cell_10/comb_iter_0/add,OpenCL,246.1818181818182,16185.818181818182,65.74741506646971
cell_10/comb_iter_4/left/bf_relu_0,OpenCL,258.7,51.09090909090909,0.1974909512597955
cell_10/comb_iter_4/left/separable_depthwise3x3_1,OpenCL,518.7,112.27272727272727,0.21645021645021642
cell_10/comb_iter_4/left/separable_pointwise3x3_1,OpenCL,2269.2727272727275,122.9090909090909,0.054162326736639683
cell_10/comb_iter_4/left/af_relu_0,OpenCL,251.0909090909091,16.90909090909091,0.06734250543084722
cell_10/comb_iter_4/left/separable_depthwise3x3_2,OpenCL,515.0,65.63636363636364,0.12744924977934688
cell_10/comb_iter_4/left/separable_pointwise3x3_2,OpenCL,2291.181818181818,5729.909090909091,2.50085307304686
cell_9/cell_base/_reduce_prev_layer_relue,CPU,1131.909090909091,1665.8181818181818,1.4716890209621716
cell_9/cell_base/_reduce_prev_layer_prev_1x1_path1_pooling,CPU,2058.090909090909,2071.6363636363635,1.0065815627898758
cell_9/cell_base/_reduce_prev_layer_prev_1x1_path1_conv,CPU,3236.181818181818,3314.7272727272725,1.0242710264621608
cell_9/cell_base/_reduce_prev_layer_prev_1x1_path2_pooling,CPU,2049.090909090909,2170.7272727272725,1.0593611357586512
cell_9/cell_base/_reduce_prev_layer_prev_1x1_path2_conv,CPU,3270.2727272727275,3393.3636363636365,1.0376393406165736
cell_9/cell_base/_reduce_prev_layer_prev_1x1_concat,CPU,179.6,214.9090909090909,1.1965985017209961
cell_9/comb_iter_0/left/bf_relu_0,CPU,159.36363636363637,166.1818181818182,1.042783799201369
cell_9/comb_iter_0/left/separable_depthwise5x5_1,CPU,523.0,523.9090909090909,1.0017382235355465
cell_9/comb_iter_0/left/separable_pointwise5x5_1,CPU,2556.6363636363635,2529.0,0.9891903424243502
cell_9/comb_iter_0/left/af_relu_0,CPU,150.54545454545453,162.63636363636363,1.0803140096618358
cell_9/comb_iter_0/left/separable_depthwise5x5_2,CPU,507.6363636363637,530.2727272727273,1.0445916905444124
cell_9/comb_iter_0/left/separable_pointwise5x5_2,CPU,2540.6363636363635,2553.6363636363635,1.0051168282821055
cell_9/comb_iter_0/right/pooling/maxpool_3,CPU,557.4545454545455,617.5454545454545,1.107795172863666
cell_9/comb_iter_0/add,CPU,194.54545454545453,208.1818181818182,1.0700934579439254
cell_9/comb_iter_4/left/bf_relu_0,OpenCL,258.1,55.54545454545455,0.21520904511993236
cell_9/comb_iter_4/left/separable_depthwise3x3_1,OpenCL,516.6,116.27272727272727,0.2250730299510787
cell_9/comb_iter_4/left/separable_pointwise3x3_1,OpenCL,2288.6363636363635,157.8181818181818,0.06895729890764647
cell_9/comb_iter_4/left/af_relu_0,OpenCL,275.5,19.363636363636363,0.07028543144695594
cell_9/comb_iter_4/left/separable_depthwise3x3_2,OpenCL,530.6,83.81818181818181,0.15796868039612103
cell_9/comb_iter_4/left/separable_pointwise3x3_2,OpenCL,2276.181818181818,111.18181818181819,0.0488457544532311
cell_9/comb_iter_4/add,OpenCL,255.0909090909091,5348.363636363636,20.966500356379186
cell_9/cell_output/concat,OpenCL,482.1,957.8181818181819,1.9867624596933868
cell_10/cell_base/relu,CPU,715.7272727272727,1093.1818181818182,1.527372030991998
cell_10/cell_base/Conv1x1,CPU,13991.363636363636,14662.727272727272,1.0479841460641304
cell_10/comb_iter_1/left/bf_relu_0,OpenCL,502.25,267.3636363636364,0.5323317797185393
cell_10/comb_iter_1/left/separable_depthwise7x7_1,OpenCL,1978.8,98.54545454545455,0.049800613778782366
cell_10/comb_iter_1/left/separable_pointwise7x7_1,OpenCL,2292.5454545454545,112.0,0.04885399317947498
cell_10/comb_iter_1/left/af_relu_0,OpenCL,219.1818181818182,28.181818181818183,0.12857735379510576
cell_10/comb_iter_1/left/separable_depthwise7x7_2,OpenCL,1856.4545454545455,98.81818181818181,0.05322951863277998
cell_10/comb_iter_1/left/separable_pointwise7x7_2,OpenCL,2248.090909090909,1467.5454545454545,0.652796312022322
cell_10/comb_iter_1/right/pooling/maxpool_3,OpenCL,497.2,51.09090909090909,0.10275725883127332
cell_10/comb_iter_1/add,OpenCL,247.1818181818182,9125.90909090909,36.91982346450901
cell_10/comb_iter_2/left/bf_relu_0,CPU,147.7,471.09090909090907,3.1895119098910567
cell_10/comb_iter_2/left/separable_depthwise5x5_1,CPU,492.1111111111111,682.3636363636364,1.3866048153697736
cell_10/comb_iter_2/left/separable_pointwise5x5_1,CPU,2605.3636363636365,2566.7272727272725,0.9851704525628946
cell_10/comb_iter_2/left/af_relu_0,CPU,145.3,179.45454545454547,1.2350622536444973
cell_10/comb_iter_2/left/separable_depthwise5x5_2,CPU,515.9090909090909,546.8181818181819,1.0599118942731278
cell_10/comb_iter_2/left/separable_pointwise5x5_2,CPU,2553.181818181818,2528.7272727272725,0.9904219334164145
cell_10/comb_iter_2/right/bf_relu_0,CPU,192.27272727272728,176.0,0.9153664302600473
cell_10/comb_iter_2/right/separable_depthwise3x3_1,CPU,272.1818181818182,277.27272727272725,1.0187040748162992
cell_10/comb_iter_2/right/separable_pointwise3x3_1,CPU,2532.2727272727275,2512.5454545454545,0.9922096571531143
cell_10/comb_iter_2/right/af_relu_0,CPU,155.36363636363637,145.0,0.933294324166179
cell_10/comb_iter_2/right/separable_depthwise3x3_2,CPU,279.6,261.54545454545456,0.9354272337104955
cell_10/comb_iter_2/right/separable_pointwise3x3_2,CPU,2551.4545454545455,2539.6363636363635,0.9953680609990736
cell_10/comb_iter_2/add,CPU,216.1818181818182,212.8181818181818,0.9844407064760302
cell_10/comb_iter_3/left/bf_relu_0,CPU,154.36363636363637,150.0909090909091,0.9723203769140164
cell_10/comb_iter_3/left/separable_depthwise3x3_1,CPU,289.2,280.1818181818182,0.9688167986923174
cell_10/comb_iter_3/left/separable_pointwise3x3_1,CPU,2547.6363636363635,2525.818181818182,0.9914359120753641
cell_10/comb_iter_3/left/af_relu_0,CPU,165.63636363636363,147.72727272727272,0.8918770581778266
cell_10/comb_iter_3/left/separable_depthwise3x3_2,CPU,284.27272727272725,271.8181818181818,0.9561880396546211
cell_10/comb_iter_3/left/separable_pointwise3x3_2,CPU,2549.3636363636365,2504.7272727272725,0.9824911742680882
cell_10/comb_iter_3/right/pooling/maxpool_3,CPU,567.0,567.6363636363636,1.0011223344556677
cell_10/comb_iter_3/add,CPU,207.8181818181818,196.1818181818182,0.9440069991251094
cell_10/comb_iter_4/add,OpenCL,243.72727272727272,537.1818181818181,2.2040283476314806
cell_10/cell_output/concat,OpenCL,486.8181818181818,292.8181818181818,0.6014939309056956
cell_11/cell_base/relu,OpenCL,436.90909090909093,20.09090909090909,0.04598418643362463
cell_11/cell_base/Conv1x1,OpenCL,8950.272727272728,11585.727272727272,1.2944552222888077
cell_11/comb_iter_1/left/bf_relu_0,OpenCL,1431.2,54.63636363636363,0.03817521215508918
cell_11/comb_iter_1/left/separable_depthwise7x7_1,OpenCL,1920.1818181818182,112.18181818181819,0.05842249786951993
cell_11/comb_iter_1/left/separable_pointwise7x7_1,OpenCL,2283.4545454545455,124.9090909090909,0.05470180746874751
cell_11/comb_iter_1/left/af_relu_0,OpenCL,222.45454545454547,15.454545454545455,0.06947282386595831
cell_11/comb_iter_1/left/separable_depthwise7x7_2,OpenCL,1865.3636363636363,69.18181818181819,0.0370875773673181
cell_11/comb_iter_1/left/separable_pointwise7x7_2,OpenCL,2262.3636363636365,283.90909090909093,0.12549224463553807
cell_11/comb_iter_1/right/pooling/maxpool_3,OpenCL,506.88888888888897,48.63636363636363,0.09595073930891553
cell_11/comb_iter_1/add,OpenCL,239.55555555555554,9304.0,38.83858998144713
cell_11/comb_iter_2/left/bf_relu_0,OpenCL,221.5,53.0,0.23927765237020315
cell_11/comb_iter_2/left/separable_depthwise5x5_1,OpenCL,1387.909090909091,86.54545454545455,0.062356717102246675
cell_11/comb_iter_2/left/separable_pointwise5x5_1,OpenCL,2310.090909090909,132.27272727272728,0.05725866750619811
cell_11/comb_iter_2/left/af_relu_0,OpenCL,221.11111111111111,15.727272727272727,0.07112836911831887
cell_11/comb_iter_2/left/separable_depthwise5x5_2,OpenCL,1428.2727272727273,65.18181818181819,0.04563681497040291
cell_11/comb_iter_2/left/separable_pointwise5x5_2,OpenCL,2333.5454545454545,98.81818181818181,0.04234679964159102
cell_11/comb_iter_2/right/bf_relu_0,OpenCL,262.6363636363636,16.09090909090909,0.0612668743509865
cell_11/comb_iter_2/right/separable_depthwise3x3_1,OpenCL,554.3,74.9090909090909,0.13514178406835814
cell_11/comb_iter_2/right/separable_pointwise3x3_1,OpenCL,2317.7272727272725,104.54545454545455,0.045106883702686805
cell_11/comb_iter_2/right/af_relu_0,OpenCL,255.0,19.818181818181817,0.07771836007130124
cell_11/comb_iter_2/right/separable_depthwise3x3_2,OpenCL,528.7777777777778,67.0909090909091,0.1268792145026648
cell_11/comb_iter_2/right/separable_pointwise3x3_2,OpenCL,2277.5454545454545,93.81818181818181,0.04119267153634295
cell_11/comb_iter_2/add,OpenCL,246.0,11695.454545454546,47.542498152254254
cell_11/comb_iter_3/left/bf_relu_0,CPU,153.1,161.27272727272728,1.0533816281693487
cell_11/comb_iter_3/left/separable_depthwise3x3_1,CPU,283.3,784.0,2.7673843981644897
cell_11/comb_iter_3/left/separable_pointwise3x3_1,CPU,2551.4545454545455,2790.7272727272725,1.0937789496187558
cell_11/comb_iter_3/left/af_relu_0,CPU,158.72727272727272,291.54545454545456,1.836769759450172
cell_11/comb_iter_3/left/separable_depthwise3x3_2,CPU,281.6363636363636,315.09090909090907,1.118786313750807
cell_11/comb_iter_3/left/separable_pointwise3x3_2,CPU,2534.7272727272725,2627.181818181818,1.0364751452550032
cell_11/comb_iter_3/right/pooling/maxpool_3,CPU,562.6363636363636,577.1818181818181,1.025852318629827
cell_11/comb_iter_3/add,CPU,206.0,239.1818181818182,1.1610767872903796
cell_11/cell_base/_reduce_prev_layer_relu,CPU,775.4545454545455,767.0909090909091,0.9892145369284877
cell_11/cell_base/_reduce_prev_layer_Conv1x1,CPU,13992.636363636364,13915.818181818182,0.9945100994679019
cell_11/comb_iter_0/left/bf_relu_0,CPU,148.0909090909091,156.45454545454547,1.0564763658686311
cell_11/comb_iter_0/left/separable_depthwise5x5_1,CPU,480.2,601.7272727272727,1.2530763696944456
cell_11/comb_iter_0/left/separable_pointwise5x5_1,CPU,2507.090909090909,2646.0,1.0554064834288202
cell_11/comb_iter_0/left/af_relu_0,CPU,144.9090909090909,154.8181818181818,1.0683814303638646
cell_11/comb_iter_0/left/separable_depthwise5x5_2,CPU,479.8181818181818,494.3636363636364,1.0303145130731337
cell_11/comb_iter_0/left/separable_pointwise5x5_2,CPU,2528.818181818182,2561.4545454545455,1.0129057770428156
cell_11/comb_iter_0/right/pooling/maxpool_3,CPU,552.0,589.9090909090909,1.0686758893280632
cell_11/comb_iter_0/add,CPU,188.45454545454547,208.63636363636363,1.1070911722141823
cell_11/comb_iter_4/left/bf_relu_0,CPU,144.27272727272728,148.27272727272728,1.0277252678008821
cell_11/comb_iter_4/left/separable_depthwise3x3_1,CPU,241.36363636363637,272.0,1.126930320150659
cell_11/comb_iter_4/left/separable_pointwise3x3_1,CPU,2518.2727272727275,2516.818181818182,0.9994224035233384
cell_11/comb_iter_4/left/af_relu_0,CPU,146.0,145.27272727272728,0.9950186799501869
cell_11/comb_iter_4/left/separable_depthwise3x3_2,CPU,242.63636363636363,259.09090909090907,1.0678156612963656
cell_11/comb_iter_4/left/separable_pointwise3x3_2,CPU,2503.3636363636365,2543.909090909091,1.0161963903112177
cell_11/comb_iter_4/add,CPU,223.0,228.0,1.0224215246636772
cell_11/cell_output/concat,OpenCL,495.9,272.0,0.5484976809840694
final_layer/relu,OpenCL,392.5,21.90909090909091,0.05581933989577302
final_layer/pooling,OpenCL,451.5,3017.181818181818,6.682573240712776
final_layer/FullyConnected,CPU,1082.7272727272727,1059.090909090909,0.9781696053736355
final_layer/predictions,CPU,18.0,20.272727272727273,1.1262626262626263
