cell_stem_conv1,CPU,21716.636363636364,26032.636363636364,1.1987416433986513
cell_stem_0/cell_base/relu,CPU,5621.636363636364,6272.909090909091,1.11585109479608
cell_stem_0/cell_base/Conv1x1,CPU,28748.0,30204.18181818182,1.050653326081182
cell_stem_0/comb_iter_1/left/bf_relu_0,OpenCL,4195.0,822.4545454545455,0.1960559107162206
cell_stem_0/comb_iter_1/left/separable_depthwise7x7_1,OpenCL,65843.27272727272,706.2727272727273,0.010726573847538784
cell_stem_0/comb_iter_1/left/separable_pointwise7x7_1,OpenCL,41104.181818181816,594.4545454545455,0.014462142759197253
cell_stem_0/comb_iter_1/left/separable_depthwise7x7_2,OpenCL,40828.90909090909,290.27272727272725,0.0071094901562618286
cell_stem_0/comb_iter_1/left/separable_pointwise7x7_2,OpenCL,41041.36363636364,370.3636363636364,0.009024155231418413
cell_stem_0/comb_iter_1/right/pooling/maxpool_3,OpenCL,4989.454545454545,206.0909090909091,0.04130529844763502
cell_stem_0/comb_iter_1/add,OpenCL,3010.909090909091,212678.72727272726,70.63605072463767
cell_stem_0/comb_iter_2/left/bf_relu_0,CPU,3618.2727272727275,5447.818181818182,1.5056405617949298
cell_stem_0/comb_iter_2/left/separable_depthwise5x5_1,CPU,11817.727272727272,15712.636363636364,1.329581906996423
cell_stem_0/comb_iter_2/left/separable_pointwise5x5_1,CPU,6074.909090909091,6936.636363636364,1.1418502334490603
cell_stem_0/comb_iter_2/left/separable_depthwise5x5_2,CPU,7277.272727272727,8395.272727272728,1.1536289818863212
cell_stem_0/comb_iter_2/left/separable_pointwise5x5_2,CPU,6268.636363636364,7632.636363636364,1.217591182655355
cell_stem_0/comb_iter_2/right/bf_relu_0,CPU,3240.818181818182,4420.272727272727,1.3639372773429828
cell_stem_0/comb_iter_2/right/separable_depthwise3x3_1,CPU,9710.272727272728,12390.727272727272,1.2760431782648178
cell_stem_0/comb_iter_2/right/separable_pointwise3x3_1,CPU,6182.272727272727,8122.636363636364,1.313859275053305
cell_stem_0/comb_iter_2/right/separable_depthwise3x3_2,CPU,4076.090909090909,5489.545454545455,1.3467671788924327
cell_stem_0/comb_iter_2/right/separable_pointwise3x3_2,CPU,6212.545454545455,8379.0,1.3487225262664988
cell_stem_0/comb_iter_2/add,CPU,1494.0,2758.909090909091,1.846659364731654
cell_stem_0/comb_iter_3/left/bf_relu_0,CPU,1083.0,2779.3636363636365,2.5663560815915387
cell_stem_0/comb_iter_3/left/separable_depthwise3x3_1,CPU,3948.909090909091,5523.0,1.3986141166720383
cell_stem_0/comb_iter_3/left/separable_pointwise3x3_1,CPU,6102.454545454545,6361.545454545455,1.0424568355505237
cell_stem_0/comb_iter_3/left/separable_depthwise3x3_2,CPU,4009.636363636363,4091.6363636363635,1.0204507323266676
cell_stem_0/comb_iter_3/left/separable_pointwise3x3_2,CPU,6173.727272727273,6357.090909090909,1.0297006375992106
cell_stem_0/comb_iter_3/right/pooling/maxpool_3,CPU,5482.363636363636,6037.363636363636,1.1012337080887473
cell_stem_0/comb_iter_3/add,CPU,1398.3636363636363,1472.4545454545455,1.052984007281238
cell_stem_0/comb_iter_4/right/relu,CPU,3387.5454545454545,3631.3636363636365,1.071974881249497
cell_stem_0/comb_iter_4/right/Conv1x1,CPU,7095.181818181818,7414.545454545455,1.0450113393211784
cell_stem_0/comb_iter_0/left/bf_relu_0,CPU,5794.727272727273,7606.0,1.312572558124941
cell_stem_0/comb_iter_0/left/separable_depthwise5x5_1,CPU,23997.454545454544,25206.363636363636,1.0503765550891762
cell_stem_0/comb_iter_0/left/separable_pointwise5x5_1,CPU,8678.90909090909,9370.636363636364,1.0797020991326938
cell_stem_0/comb_iter_0/left/separable_depthwise5x5_2,CPU,7183.272727272727,8514.454545454546,1.185316897843475
cell_stem_0/comb_iter_0/left/separable_pointwise5x5_2,CPU,6190.818181818182,6462.818181818182,1.043936034303
cell_stem_0/comb_iter_0/right/pooling/maxpool_3,CPU,9446.272727272728,9577.0,1.0138390322301243
cell_stem_0/comb_iter_0/right/pool_1x1_conv,CPU,8603.0,8815.545454545454,1.024705969376433
cell_stem_0/comb_iter_0/add,CPU,1309.5454545454545,1595.2727272727273,1.2181881291218328
cell_stem_0/comb_iter_4/left/bf_relu_0,CPU,5867.0,6714.454545454545,1.144444272277918
cell_stem_0/comb_iter_4/left/separable_depthwise3x3_1,CPU,18130.272727272728,21495.727272727272,1.1856262504199404
cell_stem_0/comb_iter_4/left/separable_pointwise3x3_1,CPU,8773.0,8862.363636363636,1.0101862118276115
cell_stem_0/comb_iter_4/left/separable_depthwise3x3_2,CPU,4030.636363636363,3977.7272727272725,0.9868732661208472
cell_stem_0/comb_iter_4/left/separable_pointwise3x3_2,CPU,6160.0,7191.818181818182,1.1675029515938606
cell_stem_0/comb_iter_4/add,CPU,1417.4545454545455,1691.6363636363637,1.193432529502309
cell_stem_0/cell_output/concat,CPU,5139.818181818182,5233.181818181818,1.0181647741342106
cell_stem_1/cell_base/relu,CPU,4681.454545454545,7248.909090909091,1.5484309460929007
cell_stem_1/cell_base/Conv1x1,CPU,25772.727272727272,29197.18181818182,1.1328712522045856
cell_stem_1/comb_iter_1/left/bf_relu_0,OpenCL,3046.7272727272725,217.54545454545453,0.07140299576296473
cell_stem_1/comb_iter_1/left/separable_depthwise7x7_1,OpenCL,28701.727272727272,445.72727272727275,0.015529632362955667
cell_stem_1/comb_iter_1/left/separable_pointwise7x7_1,OpenCL,10767.272727272728,438.54545454545456,0.04072948328267477
cell_stem_1/comb_iter_1/left/separable_depthwise7x7_2,OpenCL,20812.0,240.0909090909091,0.011536176681285273
cell_stem_1/comb_iter_1/left/separable_pointwise7x7_2,OpenCL,10625.727272727272,310.27272727272725,0.029200140311251423
cell_stem_1/comb_iter_1/right/pooling/maxpool_3,OpenCL,3378.6363636363635,152.0909090909091,0.04501547154580923
cell_stem_1/comb_iter_1/add,OpenCL,1470.8181818181818,76076.54545454546,51.723963162123745
cell_stem_1/comb_iter_2/left/bf_relu_0,CPU,1881.6363636363637,3585.0,1.9052565465262343
cell_stem_1/comb_iter_2/left/separable_depthwise5x5_1,CPU,7641.818181818182,9568.09090909091,1.2520699500356889
cell_stem_1/comb_iter_2/left/separable_pointwise5x5_1,CPU,3738.4545454545455,3980.7272727272725,1.0648055832502492
cell_stem_1/comb_iter_2/left/separable_depthwise5x5_2,CPU,4340.454545454545,4499.636363636364,1.0366739972772019
cell_stem_1/comb_iter_2/left/separable_pointwise5x5_2,CPU,3773.2727272727275,3982.0,1.0553173035223822
cell_stem_1/comb_iter_2/right/bf_relu_0,CPU,1934.3636363636363,2831.3636363636365,1.4637183945859575
cell_stem_1/comb_iter_2/right/separable_depthwise3x3_1,CPU,6383.636363636364,8501.363636363636,1.3317430931358587
cell_stem_1/comb_iter_2/right/separable_pointwise3x3_1,CPU,3732.5454545454545,3924.6363636363635,1.051463782941205
cell_stem_1/comb_iter_2/right/separable_depthwise3x3_2,CPU,2695.2727272727275,2879.181818181818,1.0682339449541283
cell_stem_1/comb_iter_2/right/separable_pointwise3x3_2,CPU,3734.181818181818,4123.0,1.1041240627130198
cell_stem_1/comb_iter_2/add,CPU,864.6363636363636,1124.090909090909,1.3000735989906422
cell_stem_1/comb_iter_3/left/bf_relu_0,CPU,633.3636363636364,884.0909090909091,1.39586622649634
cell_stem_1/comb_iter_3/left/separable_depthwise3x3_1,CPU,2584.6363636363635,3168.818181818182,1.2260208926875595
cell_stem_1/comb_iter_3/left/separable_pointwise3x3_1,CPU,3743.0,4155.545454545455,1.1102178612197315
cell_stem_1/comb_iter_3/left/separable_depthwise3x3_2,CPU,2652.181818181818,3083.2727272727275,1.1625419894426545
cell_stem_1/comb_iter_3/left/separable_pointwise3x3_2,CPU,3691.0,4573.636363636364,1.239132041082732
cell_stem_1/comb_iter_3/right/pooling/maxpool_3,CPU,4032.0909090909095,4238.636363636364,1.05122539625279
cell_stem_1/comb_iter_3/add,CPU,863.1818181818181,969.9090909090909,1.1236440231700895
cell_stem_1/comb_iter_4/right/relu,OpenCL,2905.5454545454545,118.63636363636364,0.04083101279684616
cell_stem_1/comb_iter_4/right/Conv1x1,OpenCL,10369.545454545454,481.6363636363636,0.04644720115723491
cell_0/cell_base/_reduce_prev_layer_relue,OpenCL,4467.181818181818,468.90909090909093,0.10496754105700158
cell_0/cell_base/_reduce_prev_layer_prev_1x1_path1_pooling,OpenCL,2555.7272727272725,111.0,0.04343186426208516
cell_0/cell_base/_reduce_prev_layer_prev_1x1_path1_conv,OpenCL,23275.18181818182,845.2727272727273,0.03631648224601311
cell_0/cell_base/_reduce_prev_layer_prev_1x1_path2_pooling,OpenCL,2530.6363636363635,80.54545454545455,0.03182814240040235
cell_0/cell_base/_reduce_prev_layer_prev_1x1_path2_conv,OpenCL,23551.272727272728,395.1818181818182,0.016779637464101535
cell_0/cell_base/_reduce_prev_layer_prev_1x1_concat,OpenCL,1421.0,63862.545454545456,44.94197428187576
cell_0/comb_iter_0/left/bf_relu_0,CPU,1087.8181818181818,1381.090909090909,1.269597192044125
cell_0/comb_iter_0/left/separable_depthwise5x5_1,CPU,8000.999999999999,8993.727272727272,1.124075399665951
cell_0/comb_iter_0/left/separable_pointwise5x5_1,CPU,8368.454545454546,8911.09090909091,1.0648430795302706
cell_0/comb_iter_0/left/separable_depthwise5x5_2,CPU,8133.181818181818,9059.0,1.113832224892416
cell_0/comb_iter_0/left/separable_pointwise5x5_2,CPU,8367.90909090909,9607.727272727272,1.148163438243506
cell_0/comb_iter_0/right/pooling/maxpool_3,CPU,4322.545454545455,5868.909090909091,1.3577437536804913
cell_0/comb_iter_0/add,CPU,1444.8181818181818,1906.4545454545455,1.3195117347259802
cell_0/comb_iter_4/left/bf_relu_0,CPU,1062.5454545454545,1462.4545454545455,1.376368925393566
cell_0/comb_iter_4/left/separable_depthwise3x3_1,CPU,4370.363636363636,4882.727272727273,1.117235927944419
cell_0/comb_iter_4/left/separable_pointwise3x3_1,CPU,8360.3,8664.90909090909,1.0364351866451074
cell_0/comb_iter_4/left/separable_depthwise3x3_2,CPU,4438.4,4446.454545454545,1.0018147407747264
cell_0/comb_iter_4/left/separable_pointwise3x3_2,CPU,8312.8,8587.0,1.0329852757193727
cell_stem_1/cell_base/_reduce_prev_layer_relue,CPU,5872.5,6137.0,1.0450404427415922
cell_stem_1/cell_base/_reduce_prev_layer_prev_1x1_path1_pooling,CPU,13530.888888888889,14029.636363636364,1.0368599194659731
cell_stem_1/cell_base/_reduce_prev_layer_prev_1x1_path1_conv,CPU,8768.7,8954.272727272728,1.021163083156309
cell_stem_1/cell_base/_reduce_prev_layer_prev_1x1_path2_pooling,CPU,13710.1,14238.181818181818,1.038517721838777
cell_stem_1/cell_base/_reduce_prev_layer_prev_1x1_path2_conv,CPU,8582.2,8797.09090909091,1.025039140207745
cell_stem_1/cell_base/_reduce_prev_layer_prev_1x1_concat,CPU,2325.818181818182,2454.909090909091,1.055503439649781
cell_stem_1/comb_iter_0/left/bf_relu_0,CPU,2140.909090909091,2735.3636363636365,1.277664543524416
cell_stem_1/comb_iter_0/left/separable_depthwise5x5_1,CPU,7547.727272727273,11157.181818181818,1.4782174043962661
cell_stem_1/comb_iter_0/left/separable_pointwise5x5_1,CPU,3693.181818181818,4069.181818181818,1.1018092307692309
cell_stem_1/comb_iter_0/left/separable_depthwise5x5_2,CPU,4265.8,5140.272727272727,1.2049961853046853
cell_stem_1/comb_iter_0/left/separable_pointwise5x5_2,CPU,3721.818181818182,4636.818181818182,1.245847581827064
cell_stem_1/comb_iter_0/right/pooling/maxpool_3,CPU,4046.0000000000005,4359.727272727273,1.0775401069518715
cell_stem_1/comb_iter_0/add,CPU,813.0,985.9090909090909,1.212680308621268
cell_stem_1/comb_iter_4/left/bf_relu_0,OpenCL,2655.6363636363635,360.72727272727275,0.13583458852526362
cell_stem_1/comb_iter_4/left/separable_depthwise3x3_1,OpenCL,3745.7272727272725,641.2727272727273,0.17120112613159236
cell_stem_1/comb_iter_4/left/separable_pointwise3x3_1,OpenCL,10767.454545454546,465.8181818181818,0.04326168082268114
cell_stem_1/comb_iter_4/left/separable_depthwise3x3_2,OpenCL,3061.7272727272725,181.1818181818182,0.059176341340301086
cell_stem_1/comb_iter_4/left/separable_pointwise3x3_2,OpenCL,10607.181818181818,281.09090909090907,0.026500055708396537
cell_stem_1/comb_iter_4/add,OpenCL,1477.5454545454545,33213.72727272727,22.478988494431796
cell_stem_1/cell_output/concat,OpenCL,2711.909090909091,2783.181818181818,1.0262813851362675
cell_0/cell_base/relu,CPU,2225.181818181818,2466.5454545454545,1.1084691751440128
cell_0/cell_base/Conv1x1,CPU,17818.18181818182,19023.090909090908,1.0676224489795916
cell_0/comb_iter_1/left/bf_relu_0,OpenCL,3225.3636363636365,340.8181818181818,0.10566814171763578
cell_0/comb_iter_1/left/separable_depthwise7x7_1,OpenCL,41258.36363636364,653.0909090909091,0.015829297420688258
cell_0/comb_iter_1/left/separable_pointwise7x7_1,OpenCL,33258.09090909091,515.0909090909091,0.015487687206667414
cell_0/comb_iter_1/left/separable_depthwise7x7_2,OpenCL,41399.09090909091,222.1818181818182,0.005366828432771909
cell_0/comb_iter_1/left/separable_pointwise7x7_2,OpenCL,33215.818181818184,293.90909090909093,0.00884846759758494
cell_0/comb_iter_1/right/pooling/maxpool_3,OpenCL,4676.272727272727,143.36363636363637,0.030657672194249502
cell_0/comb_iter_1/add,OpenCL,4165.636363636364,163669.27272727274,39.29034088429139
cell_0/comb_iter_2/left/bf_relu_0,CPU,1077.909090909091,1598.090909090909,1.4825841275196086
cell_0/comb_iter_2/left/separable_depthwise5x5_1,CPU,7986.181818181818,10596.272727272728,1.3268258810672982
cell_0/comb_iter_2/left/separable_pointwise5x5_1,CPU,8289.181818181818,10325.454545454546,1.245654248143802
cell_0/comb_iter_2/left/separable_depthwise5x5_2,CPU,7935.818181818182,10276.09090909091,1.2948999931266754
cell_0/comb_iter_2/left/separable_pointwise5x5_2,CPU,8396.545454545454,9827.454545454546,1.1704164050150496
cell_0/comb_iter_2/right/bf_relu_0,CPU,1136.090909090909,1527.7272727272727,1.3447227334560297
cell_0/comb_iter_2/right/separable_depthwise3x3_1,CPU,4376.0,6226.545454545455,1.4228851587169686
cell_0/comb_iter_2/right/separable_pointwise3x3_1,CPU,8300.90909090909,9190.454545454546,1.107162413755339
cell_0/comb_iter_2/right/separable_depthwise3x3_2,CPU,4386.181818181818,4734.454545454545,1.0794022550157518
cell_0/comb_iter_2/right/separable_pointwise3x3_2,CPU,8357.0,9585.818181818182,1.1470405865523732
cell_0/comb_iter_2/add,CPU,1608.6363636363637,1986.6363636363637,1.2349816332297259
cell_0/comb_iter_3/left/bf_relu_0,CPU,978.5,2172.6363636363635,2.2203744135271983
cell_0/comb_iter_3/left/separable_depthwise3x3_1,CPU,4419.363636363636,6979.0,1.5791866373192358
cell_0/comb_iter_3/left/separable_pointwise3x3_1,CPU,8354.181818181818,11144.181818181818,1.333964481587882
cell_0/comb_iter_3/left/separable_depthwise3x3_2,CPU,4406.363636363636,7774.636363636364,1.7644109758613578
cell_0/comb_iter_3/left/separable_pointwise3x3_2,CPU,8344.818181818182,10465.545454545454,1.2541370256991273
cell_0/comb_iter_3/right/pooling/maxpool_3,CPU,4358.454545454545,5329.727272727273,1.2228479652921178
cell_0/comb_iter_3/add,CPU,1441.2727272727273,2441.6363636363635,1.6940835120474327
cell_0/comb_iter_4/add,CPU,1351.4545454545455,2165.4545454545455,1.6023140051123368
cell_0/cell_output/concat,CPU,4767.090909090909,7772.818181818182,1.6305160379877188
cell_1/cell_base/relu,CPU,4162.2,6371.090909090909,1.530702731509997
cell_1/cell_base/Conv1x1,CPU,36829.818181818184,69877.45454545454,1.8973065302817873
cell_1/comb_iter_1/left/bf_relu_0,OpenCL,3235.7272727272725,331.8181818181818,0.102548253870143
cell_1/comb_iter_1/left/separable_depthwise7x7_1,OpenCL,41337.90909090909,406.27272727272725,0.009828090878502452
cell_1/comb_iter_1/left/separable_pointwise7x7_1,OpenCL,33242.90909090909,328.6363636363636,0.009885908683191495
cell_1/comb_iter_1/left/separable_depthwise7x7_2,OpenCL,41328.63636363636,194.45454545454547,0.004705080122741221
cell_1/comb_iter_1/left/separable_pointwise7x7_2,OpenCL,33209.454545454544,251.9090909090909,0.007585463066377592
cell_1/comb_iter_1/right/pooling/maxpool_3,OpenCL,4920.818181818182,113.27272727272727,0.023019084039978568
cell_1/comb_iter_1/add,OpenCL,4206.545454545455,170550.0,40.54395746887966
cell_1/comb_iter_2/left/bf_relu_0,CPU,1088.9,1859.0,1.70722747727064
cell_1/comb_iter_2/left/separable_depthwise5x5_1,CPU,7959.181818181818,11929.09090909091,1.4987835661500155
cell_1/comb_iter_2/left/separable_pointwise5x5_1,CPU,8379.727272727272,11668.363636363636,1.392451479219328
cell_1/comb_iter_2/left/separable_depthwise5x5_2,CPU,7980.545454545455,12981.818181818182,1.626683070193425
cell_1/comb_iter_2/left/separable_pointwise5x5_2,CPU,8324.0,11882.636363636364,1.427515180638679
cell_1/comb_iter_2/right/bf_relu_0,CPU,1254.0,1614.7272727272727,1.287661302015369
cell_1/comb_iter_2/right/separable_depthwise3x3_1,CPU,4481.090909090909,8056.181818181818,1.7978170899943196
cell_1/comb_iter_2/right/separable_pointwise3x3_1,CPU,8309.272727272728,9342.727272727272,1.124373646090895
cell_1/comb_iter_2/right/separable_depthwise3x3_2,CPU,4530.818181818182,5044.0,1.1132647123738437
cell_1/comb_iter_2/right/separable_pointwise3x3_2,CPU,8353.636363636364,8861.727272727272,1.0608227228207638
cell_1/comb_iter_2/add,CPU,1538.8181818181818,1963.6363636363637,1.2760678206415788
cell_1/comb_iter_3/left/bf_relu_0,CPU,955.3,1463.3636363636363,1.5318367385780765
cell_1/comb_iter_3/left/separable_depthwise3x3_1,CPU,4392.545454545455,5975.363636363636,1.3603419015687734
cell_1/comb_iter_3/left/separable_pointwise3x3_1,CPU,8312.636363636364,9355.454545454546,1.1254497533875043
cell_1/comb_iter_3/left/separable_depthwise3x3_2,CPU,4409.545454545455,6622.545454545455,1.5018657870322647
cell_1/comb_iter_3/left/separable_pointwise3x3_2,CPU,8324.272727272728,9621.363636363636,1.155820328284207
cell_1/comb_iter_3/right/pooling/maxpool_3,CPU,4341.090909090909,5009.545454545455,1.1539830792427543
cell_1/comb_iter_3/add,CPU,1440.0,2362.818181818182,1.6408459595959597
cell_2/cell_base/_reduce_prev_layer_relu,CPU,4720.363636363636,6542.090909090909,1.3859294353285572
cell_2/cell_base/_reduce_prev_layer_Conv1x1,CPU,36843.63636363636,40020.72727272727,1.0862317410185551
cell_2/comb_iter_0/left/bf_relu_0,CPU,1134.0,1893.2727272727273,1.6695526695526695
cell_2/comb_iter_0/left/separable_depthwise5x5_1,CPU,7909.454545454545,9452.181818181818,1.1950485035170797
cell_2/comb_iter_0/left/separable_pointwise5x5_1,CPU,8293.727272727272,8539.181818181818,1.0295952033848144
cell_2/comb_iter_0/left/separable_depthwise5x5_2,CPU,8014.181818181818,8293.90909090909,1.0349040337583375
cell_2/comb_iter_0/left/separable_pointwise5x5_2,CPU,8370.0,8667.90909090909,1.0355924839795807
cell_2/comb_iter_0/right/pooling/maxpool_3,CPU,4321.090909090909,4362.363636363636,1.009551460069006
cell_2/comb_iter_0/add,CPU,1597.090909090909,1631.0,1.0212317850637522
cell_2/comb_iter_4/left/bf_relu_0,CPU,1083.4545454545455,1230.090909090909,1.13534150025172
cell_2/comb_iter_4/left/separable_depthwise3x3_1,CPU,4511.545454545455,4607.0,1.0211578374675074
cell_2/comb_iter_4/left/separable_pointwise3x3_1,CPU,8381.181818181818,8509.727272727272,1.0153373900404585
cell_2/comb_iter_4/left/separable_depthwise3x3_2,CPU,4452.454545454545,4823.727272727273,1.0833860791800234
cell_2/comb_iter_4/left/separable_pointwise3x3_2,CPU,8367.727272727272,8527.272727272728,1.0190667608235104
cell_1/cell_base/_reduce_prev_layer_relu,CPU,2414.7272727272725,2692.7272727272725,1.1151268729764325
cell_1/cell_base/_reduce_prev_layer_Conv1x1,CPU,17699.272727272728,18105.636363636364,1.02295934090769
cell_1/comb_iter_0/left/bf_relu_0,CPU,1195.8181818181818,1285.8181818181818,1.0752622776341798
cell_1/comb_iter_0/left/separable_depthwise5x5_1,CPU,7975.0,8286.09090909091,1.03900826446281
cell_1/comb_iter_0/left/separable_pointwise5x5_1,CPU,8411.0,8515.272727272728,1.0123971855038316
cell_1/comb_iter_0/left/separable_depthwise5x5_2,CPU,8028.636363636364,8223.363636363636,1.0242540904716073
cell_1/comb_iter_0/left/separable_pointwise5x5_2,CPU,8318.09090909091,8568.636363636364,1.0301205477655493
cell_1/comb_iter_0/right/pooling/maxpool_3,CPU,4313.090909090909,4373.090909090909,1.013911137340865
cell_1/comb_iter_0/add,CPU,1562.090909090909,1656.4545454545455,1.0604085433277077
cell_1/comb_iter_4/left/bf_relu_0,CPU,1040.0,1245.1818181818182,1.1972902097902098
cell_1/comb_iter_4/left/separable_depthwise3x3_1,CPU,4365.727272727273,4640.909090909091,1.0630322970243424
cell_1/comb_iter_4/left/separable_pointwise3x3_1,CPU,8330.727272727272,8688.454545454546,1.0429407014557281
cell_1/comb_iter_4/left/separable_depthwise3x3_2,CPU,4415.0,4510.090909090909,1.0215381447544527
cell_1/comb_iter_4/left/separable_pointwise3x3_2,CPU,8377.363636363636,8522.818181818182,1.0173628066977027
cell_1/comb_iter_4/add,CPU,1454.2727272727273,1662.5454545454545,1.1432143526911296
cell_1/cell_output/concat,CPU,5021.6,5356.545454545455,1.0667009428360392
cell_2/cell_base/relu,CPU,4259.545454545455,5073.636363636364,1.1911215451926154
cell_2/cell_base/Conv1x1,CPU,36921.454545454544,37097.27272727273,1.0047619516615125
cell_2/comb_iter_1/left/bf_relu_0,OpenCL,3125.909090909091,350.0,0.11196742765740875
cell_2/comb_iter_1/left/separable_depthwise7x7_1,OpenCL,41384.545454545456,433.90909090909093,0.010484809876326252
cell_2/comb_iter_1/left/separable_pointwise7x7_1,OpenCL,33138.09090909091,309.54545454545456,0.009341076871164465
cell_2/comb_iter_1/left/separable_depthwise7x7_2,OpenCL,41355.36363636364,146.1818181818182,0.003534772888643663
cell_2/comb_iter_1/left/separable_pointwise7x7_2,OpenCL,33195.545454545456,196.0909090909091,0.005907145263192488
cell_2/comb_iter_1/right/pooling/maxpool_3,OpenCL,4820.363636363636,99.36363636363636,0.020613307181653592
cell_2/comb_iter_1/add,OpenCL,4475.454545454545,167370.36363636365,37.39739995937437
cell_2/comb_iter_2/left/bf_relu_0,CPU,1137.7272727272727,1813.4545454545455,1.5939272872552936
cell_2/comb_iter_2/left/separable_depthwise5x5_1,CPU,8048.7,9887.545454545454,1.228464901728907
cell_2/comb_iter_2/left/separable_pointwise5x5_1,CPU,8338.111111111111,9485.09090909091,1.137558708764551
cell_2/comb_iter_2/left/separable_depthwise5x5_2,CPU,8037.545454545455,9935.545454545454,1.2361417438611968
cell_2/comb_iter_2/left/separable_pointwise5x5_2,CPU,8460.4,9709.181818181818,1.1476031651200673
cell_2/comb_iter_2/right/bf_relu_0,CPU,1140.7,2104.3636363636365,1.8448002422754768
cell_2/comb_iter_2/right/separable_depthwise3x3_1,CPU,4342.0,5833.0,1.3433901427913404
cell_2/comb_iter_2/right/separable_pointwise3x3_1,CPU,8406.1,9295.272727272728,1.1057770817944979
cell_2/comb_iter_2/right/separable_depthwise3x3_2,CPU,4593.1,4754.363636363636,1.0351099772187924
cell_2/comb_iter_2/right/separable_pointwise3x3_2,CPU,8397.9,8742.0,1.0409745293466224
cell_2/comb_iter_2/add,CPU,1529.5,1707.7272727272727,1.1165264941008648
cell_2/comb_iter_3/left/bf_relu_0,CPU,1197.1818181818182,1346.3636363636363,1.124610828460779
cell_2/comb_iter_3/left/separable_depthwise3x3_1,CPU,4363.636363636364,4808.545454545455,1.1019583333333334
cell_2/comb_iter_3/left/separable_pointwise3x3_1,CPU,8360.90909090909,9078.454545454546,1.0858214635207135
cell_2/comb_iter_3/left/separable_depthwise3x3_2,CPU,4412.090909090909,6364.818181818182,1.4425854573177015
cell_2/comb_iter_3/left/separable_pointwise3x3_2,CPU,8308.363636363636,10475.636363636364,1.2608543417366949
cell_2/comb_iter_3/right/pooling/maxpool_3,CPU,4353.727272727273,5132.363636363636,1.1788436240629763
cell_2/comb_iter_3/add,CPU,1461.5454545454545,2516.818181818182,1.722025253467687
cell_2/comb_iter_4/add,CPU,1477.3636363636363,2161.909090909091,1.4633561011630054
cell_2/cell_output/concat,CPU,4843.636363636364,6637.818181818182,1.3704204204204204
cell_3/cell_base/relu,CPU,4029.909090909091,6327.0,1.570010602540098
cell_3/cell_base/Conv1x1,CPU,36830.818181818184,67684.81818181818,1.8377223619547856
cell_3/comb_iter_1/left/bf_relu_0,OpenCL,3109.909090909091,341.3636363636364,0.10976643573328657
cell_3/comb_iter_1/left/separable_depthwise7x7_1,OpenCL,41433.0,503.8181818181818,0.012159828682890011
cell_3/comb_iter_1/left/separable_pointwise7x7_1,OpenCL,33073.36363636364,370.6363636363636,0.011206491353932166
cell_3/comb_iter_1/left/separable_depthwise7x7_2,OpenCL,41362.818181818184,204.0909090909091,0.004934163532905047
cell_3/comb_iter_1/left/separable_pointwise7x7_2,OpenCL,33223.36363636364,261.72727272727275,0.007877807785868106
cell_3/comb_iter_1/right/pooling/maxpool_3,OpenCL,4938.545454545455,120.9090909090909,0.02448273323024814
cell_3/comb_iter_1/add,OpenCL,4540.181818181818,169833.54545454544,37.406771855352204
cell_3/comb_iter_2/left/bf_relu_0,CPU,1099.2727272727273,1946.2727272727273,1.770509427720807
cell_3/comb_iter_2/left/separable_depthwise5x5_1,CPU,7944.727272727273,13776.454545454546,1.7340374404979861
cell_3/comb_iter_2/left/separable_pointwise5x5_1,CPU,8365.727272727272,11196.181818181818,1.3383393282114255
cell_3/comb_iter_2/left/separable_depthwise5x5_2,CPU,8070.09090909091,10417.636363636364,1.2908945488954726
cell_3/comb_iter_2/left/separable_pointwise5x5_2,CPU,8437.636363636364,10408.09090909091,1.2335315792876076
cell_3/comb_iter_2/right/bf_relu_0,CPU,1099.5454545454545,1583.090909090909,1.4397684993799091
cell_3/comb_iter_2/right/separable_depthwise3x3_1,CPU,4697.272727272727,7030.636363636364,1.4967485968647185
cell_3/comb_iter_2/right/separable_pointwise3x3_1,CPU,8359.545454545454,9022.545454545454,1.079310532325594
cell_3/comb_iter_2/right/separable_depthwise3x3_2,CPU,4454.454545454545,5213.363636363636,1.1703708238943653
cell_3/comb_iter_2/right/separable_pointwise3x3_2,CPU,8307.09090909091,8889.90909090909,1.0701591192628421
cell_3/comb_iter_2/add,CPU,1487.4545454545455,1967.7272727272727,1.322882288228823
cell_3/comb_iter_3/left/bf_relu_0,CPU,1133.5454545454545,1319.7272727272727,1.1642473333867993
cell_3/comb_iter_3/left/separable_depthwise3x3_1,CPU,4486.272727272727,6101.272727272727,1.3599870311455147
cell_3/comb_iter_3/left/separable_pointwise3x3_1,CPU,8345.545454545454,9617.454545454546,1.1524057472140827
cell_3/comb_iter_3/left/separable_depthwise3x3_2,CPU,4548.636363636364,7215.181818181818,1.586229639252523
cell_3/comb_iter_3/left/separable_pointwise3x3_2,CPU,8296.636363636364,9588.09090909091,1.1556600155594272
cell_3/comb_iter_3/right/pooling/maxpool_3,CPU,4339.272727272727,5054.636363636364,1.1648579569261712
cell_3/comb_iter_3/add,CPU,1439.6363636363637,2321.2727272727275,1.612402121747916
cell_4/cell_base/_reduce_prev_layer_relu,CPU,4406.818181818182,6102.818181818182,1.3848581743166581
cell_4/cell_base/_reduce_prev_layer_Conv1x1,CPU,60749.90909090909,66930.63636363637,1.1017405188784422
cell_4/comb_iter_0/left/bf_relu_0,CPU,2164.909090909091,2429.090909090909,1.122029058536995
cell_4/comb_iter_0/left/separable_depthwise5x5_1,CPU,15899.90909090909,16893.272727272728,1.0624760576103924
cell_4/comb_iter_0/left/separable_pointwise5x5_1,CPU,6688.545454545455,6995.909090909091,1.045953733655911
cell_4/comb_iter_0/left/separable_depthwise5x5_2,CPU,4141.727272727273,4217.272727272727,1.01824008428631
cell_4/comb_iter_0/left/separable_pointwise5x5_2,CPU,6593.0,7034.0,1.0668891248293644
cell_4/comb_iter_0/right/pooling/maxpool_3,CPU,5327.090909090909,5353.909090909091,1.0050343015119971
cell_4/comb_iter_0/add,CPU,796.0,1016.1818181818181,1.2766103243490177
cell_4/comb_iter_4/left/bf_relu_0,CPU,1878.8181818181818,2211.0,1.1768035999419364
cell_4/comb_iter_4/left/separable_depthwise3x3_1,CPU,9650.818181818182,10095.181818181818,1.046044141335167
cell_4/comb_iter_4/left/separable_pointwise3x3_1,CPU,6724.272727272727,6917.0,1.0286614300972055
cell_4/comb_iter_4/left/separable_depthwise3x3_2,CPU,2279.6363636363635,2450.0,1.0747328122507578
cell_4/comb_iter_4/left/separable_pointwise3x3_2,CPU,6665.181818181818,6988.909090909091,1.048569908752404
cell_3/cell_base/_reduce_prev_layer_relu,CPU,4674.181818181818,4914.636363636364,1.0514431305430216
cell_3/cell_base/_reduce_prev_layer_Conv1x1,CPU,36779.09090909091,37340.818181818184,1.0152730059075068
cell_3/comb_iter_0/left/bf_relu_0,CPU,1079.1818181818182,1362.909090909091,1.262909611658664
cell_3/comb_iter_0/left/separable_depthwise5x5_1,CPU,7897.272727272727,8269.727272727272,1.0471624266144814
cell_3/comb_iter_0/left/separable_pointwise5x5_1,CPU,8328.272727272728,8502.454545454546,1.0209145189988102
cell_3/comb_iter_0/left/separable_depthwise5x5_2,CPU,8050.909090909091,8269.454545454546,1.0271454381210479
cell_3/comb_iter_0/left/separable_pointwise5x5_2,CPU,8309.90909090909,8491.0,1.021792164885296
cell_3/comb_iter_0/right/pooling/maxpool_3,CPU,4353.909090909091,4354.727272727273,1.0001879189025535
cell_3/comb_iter_0/add,CPU,1548.909090909091,1723.8181818181818,1.112924052118793
cell_3/comb_iter_4/left/bf_relu_0,CPU,1019.1818181818182,1317.909090909091,1.2931049861742931
cell_3/comb_iter_4/left/separable_depthwise3x3_1,CPU,4353.181818181818,4460.818181818182,1.0247259058160176
cell_3/comb_iter_4/left/separable_pointwise3x3_1,CPU,8438.727272727272,8490.0,1.0060758839118351
cell_3/comb_iter_4/left/separable_depthwise3x3_2,CPU,4511.090909090909,4671.636363636364,1.0355890532425136
cell_3/comb_iter_4/left/separable_pointwise3x3_2,CPU,8302.545454545454,8492.727272727272,1.022906447091801
cell_3/comb_iter_4/add,CPU,1486.909090909091,1647.1818181818182,1.1077891905111275
cell_3/cell_output/concat,CPU,4802.545454545455,5048.363636363636,1.0511849776633602
cell_4/cell_base/relu,CPU,4671.0,7402.636363636364,1.5848076137093479
cell_4/cell_base/Conv1x1,CPU,60220.90909090909,75671.54545454546,1.2565659767824526
cell_4/comb_iter_1/left/bf_relu_0,OpenCL,4888.636363636364,167.0,0.03416085541608554
cell_4/comb_iter_1/left/separable_depthwise7x7_1,OpenCL,30142.363636363636,382.27272727272725,0.01268224124307076
cell_4/comb_iter_1/left/separable_pointwise7x7_1,OpenCL,32630.181818181816,408.0,0.012503761158102372
cell_4/comb_iter_1/left/separable_depthwise7x7_2,OpenCL,20401.363636363636,227.72727272727272,0.011162355457522893
cell_4/comb_iter_1/left/separable_pointwise7x7_2,OpenCL,32792.0,292.72727272727275,0.008926789239060526
cell_4/comb_iter_1/right/pooling/maxpool_3,OpenCL,4113.909090909091,126.54545454545455,0.030760391576249088
cell_4/comb_iter_1/add,OpenCL,1433.909090909091,123721.63636363637,86.28276168135422
cell_4/comb_iter_2/left/bf_relu_0,CPU,1851.090909090909,2659.181818181818,1.4365484726451232
cell_4/comb_iter_2/left/separable_depthwise5x5_1,CPU,15797.454545454546,16534.454545454544,1.046653085652464
cell_4/comb_iter_2/left/separable_pointwise5x5_1,CPU,6640.454545454545,6929.545454545455,1.0435348073105621
cell_4/comb_iter_2/left/separable_depthwise5x5_2,CPU,4118.454545454545,4573.545454545455,1.1105004083614773
cell_4/comb_iter_2/left/separable_pointwise5x5_2,CPU,6694.454545454545,8059.545454545455,1.2039136870408345
cell_4/comb_iter_2/right/bf_relu_0,CPU,2162.2727272727275,3403.0,1.5738070212318687
cell_4/comb_iter_2/right/separable_depthwise3x3_1,CPU,9699.454545454546,10856.0,1.1192381952124768
cell_4/comb_iter_2/right/separable_pointwise3x3_1,CPU,6579.909090909091,7270.818181818182,1.1050028323132401
cell_4/comb_iter_2/right/separable_depthwise3x3_2,CPU,2350.0,3149.4545454545455,1.340193423597679
cell_4/comb_iter_2/right/separable_pointwise3x3_2,CPU,6672.818181818182,7845.181818181818,1.175692429258457
cell_4/comb_iter_2/add,CPU,860.9,1511.0,1.7551399697990475
cell_4/comb_iter_3/left/bf_relu_0,OpenCL,1173.2,258.72727272727275,0.22053125871741625
cell_4/comb_iter_3/left/separable_depthwise3x3_1,OpenCL,4291.818181818182,627.1818181818181,0.14613429358186822
cell_4/comb_iter_3/left/separable_pointwise3x3_1,OpenCL,32705.272727272728,678.4545454545455,0.02074450046976023
cell_4/comb_iter_3/left/separable_depthwise3x3_2,OpenCL,4294.181818181818,571.0,0.132970615632145
cell_4/comb_iter_3/left/separable_pointwise3x3_2,OpenCL,32642.727272727272,566.8181818181819,0.017364302225192862
cell_4/comb_iter_3/right/pooling/maxpool_3,OpenCL,4174.454545454545,249.0909090909091,0.05967028898712952
cell_4/comb_iter_3/add,OpenCL,1479.4545454545455,72716.81818181818,49.151099913973205
cell_4/comb_iter_4/right/relu,CPU,1852.090909090909,2625.2727272727275,1.4174642909733473
cell_4/comb_iter_4/right/Conv1x1,CPU,7561.636363636364,7831.545454545455,1.0356945346125177
cell_4/comb_iter_4/add,CPU,893.7272727272727,1062.6363636363637,1.1889939985759335
cell_4/cell_output/concat,CPU,2560.2727272727275,7602.181818181818,2.969285942548734
cell_5/cell_base/relu,CPU,2530.818181818182,4792.636363636364,1.893710262581271
cell_5/cell_base/Conv1x1,CPU,29035.18181818182,66160.0,2.2786149718053643
cell_5/comb_iter_1/left/bf_relu_0,CPU,635.6,945.9090909090909,1.488214428743063
cell_5/comb_iter_1/left/separable_depthwise7x7_1,CPU,20455.272727272728,28652.636363636364,1.4007457512621773
cell_5/comb_iter_1/left/separable_pointwise7x7_1,CPU,6674.363636363636,10147.545454545454,1.5203764744340624
cell_5/comb_iter_1/left/separable_depthwise7x7_2,CPU,20354.090909090908,24416.0,1.1995622948256996
cell_5/comb_iter_1/left/separable_pointwise7x7_2,CPU,6829.636363636364,11806.363636363636,1.7286957910710006
cell_5/comb_iter_1/right/pooling/maxpool_3,CPU,2676.909090909091,2695.909090909091,1.007097738232697
cell_5/comb_iter_1/add,CPU,854.1,1146.909090909091,1.3428276441975073
cell_5/comb_iter_2/left/bf_relu_0,CPU,533.9,918.1818181818181,1.7197636602019446
cell_5/comb_iter_2/left/separable_depthwise5x5_1,CPU,4127.272727272727,5478.909090909091,1.327488986784141
cell_5/comb_iter_2/left/separable_pointwise5x5_1,CPU,6573.818181818182,8228.454545454546,1.2517009624958513
cell_5/comb_iter_2/left/separable_depthwise5x5_2,CPU,4094.2727272727275,5569.454545454545,1.3603037502497946
cell_5/comb_iter_2/left/separable_pointwise5x5_2,CPU,6622.363636363636,8690.454545454546,1.312288938308212
cell_5/comb_iter_2/right/bf_relu_0,CPU,882.0909090909091,899.0909090909091,1.0192723899824796
cell_5/comb_iter_2/right/separable_depthwise3x3_1,CPU,2392.2727272727275,3695.909090909091,1.5449363480904426
cell_5/comb_iter_2/right/separable_pointwise3x3_1,CPU,6632.181818181818,6893.454545454545,1.0393946870630808
cell_5/comb_iter_2/right/separable_depthwise3x3_2,CPU,2379.4545454545455,2583.3636363636365,1.0856957285856192
cell_5/comb_iter_2/right/separable_pointwise3x3_2,CPU,6630.0,6888.181818181818,1.0389414507061565
cell_5/comb_iter_2/add,CPU,904.8181818181819,1075.5454545454545,1.1886868280920324
cell_5/comb_iter_3/left/bf_relu_0,CPU,554.2222222222222,737.6363636363636,1.3309397098490925
cell_5/comb_iter_3/left/separable_depthwise3x3_1,CPU,2404.2727272727275,2469.181818181818,1.0269973910084318
cell_5/comb_iter_3/left/separable_pointwise3x3_1,CPU,6650.727272727273,7267.181818181818,1.0926897946909429
cell_5/comb_iter_3/left/separable_depthwise3x3_2,CPU,2346.0,2523.818181818182,1.0757963264357127
cell_5/comb_iter_3/left/separable_pointwise3x3_2,CPU,6688.636363636364,7999.272727272727,1.195949711179069
cell_5/comb_iter_3/right/pooling/maxpool_3,CPU,2682.909090909091,2729.4545454545455,1.0173488750338846
cell_5/comb_iter_3/add,CPU,898.1,1016.8181818181819,1.1321881547914283
cell_6/cell_base/_reduce_prev_layer_relu,CPU,2570.9,2656.090909090909,1.0331366093939511
cell_6/cell_base/_reduce_prev_layer_Conv1x1,CPU,28479.454545454544,29650.545454545456,1.0411205526152825
cell_6/comb_iter_0/left/bf_relu_0,CPU,678.4545454545455,899.3636363636364,1.3256063245343694
cell_6/comb_iter_0/left/separable_depthwise5x5_1,CPU,4162.181818181818,4259.363636363636,1.0233487681286038
cell_6/comb_iter_0/left/separable_pointwise5x5_1,CPU,6639.363636363636,6796.909090909091,1.0237289992195309
cell_6/comb_iter_0/left/separable_depthwise5x5_2,CPU,4073.818181818182,6676.727272727273,1.6389359992859056
cell_6/comb_iter_0/left/separable_pointwise5x5_2,CPU,6683.090909090909,7498.727272727273,1.122044780586011
cell_6/comb_iter_0/right/pooling/maxpool_3,CPU,2711.0,2657.2727272727275,0.9801817511149862
cell_6/comb_iter_0/add,CPU,877.7272727272727,961.1818181818181,1.095080269290523
cell_6/comb_iter_4/left/bf_relu_0,CPU,625.0,1704.4545454545455,2.7271272727272726
cell_6/comb_iter_4/left/separable_depthwise3x3_1,CPU,2367.909090909091,2605.2727272727275,1.1002418704649288
cell_6/comb_iter_4/left/separable_pointwise3x3_1,CPU,6650.909090909091,6833.181818181818,1.0274056861673044
cell_6/comb_iter_4/left/separable_depthwise3x3_2,CPU,2390.5454545454545,2529.5454545454545,1.0581457255856404
cell_6/comb_iter_4/left/separable_pointwise3x3_2,CPU,6694.636363636364,6833.181818181818,1.020694993278201
cell_5/cell_base/_reduce_prev_layer_relue,OpenCL,11516.09090909091,507.54545454545456,0.04407272038333715
cell_5/cell_base/_reduce_prev_layer_prev_1x1_path1_pooling,OpenCL,3029.0,96.72727272727273,0.03193373150454696
cell_5/cell_base/_reduce_prev_layer_prev_1x1_path1_conv,OpenCL,43993.63636363636,497.3636363636364,0.011305354080135558
cell_5/cell_base/_reduce_prev_layer_prev_1x1_path2_pooling,OpenCL,3551.818181818182,60.63636363636363,0.017071922190939337
cell_5/cell_base/_reduce_prev_layer_prev_1x1_path2_conv,OpenCL,44002.181818181816,237.36363636363637,0.005394360610217676
cell_5/cell_base/_reduce_prev_layer_prev_1x1_concat,OpenCL,1046.1,114943.0,109.87764076092152
cell_5/comb_iter_0/left/bf_relu_0,CPU,754.8181818181819,954.1818181818181,1.2641214019029265
cell_5/comb_iter_0/left/separable_depthwise5x5_1,CPU,4159.363636363636,4240.090909090909,1.0194085633728935
cell_5/comb_iter_0/left/separable_pointwise5x5_1,CPU,6699.454545454545,7342.636363636364,1.096005102179282
cell_5/comb_iter_0/left/separable_depthwise5x5_2,CPU,4095.272727272728,4195.363636363636,1.0244405966968564
cell_5/comb_iter_0/left/separable_pointwise5x5_2,CPU,6702.727272727273,6743.545454545455,1.0060897870608978
cell_5/comb_iter_0/right/pooling/maxpool_3,CPU,2687.5454545454545,2698.818181818182,1.004194432229476
cell_5/comb_iter_0/add,CPU,839.2727272727273,979.2727272727273,1.1668110918544194
cell_5/comb_iter_4/left/bf_relu_0,OpenCL,1131.125,191.9090909090909,0.16966214247681813
cell_5/comb_iter_4/left/separable_depthwise3x3_1,OpenCL,4255.0,574.5454545454545,0.1350283089413524
cell_5/comb_iter_4/left/separable_pointwise3x3_1,OpenCL,32709.272727272724,1001.5454545454545,0.030619618567990173
cell_5/comb_iter_4/left/separable_depthwise3x3_2,OpenCL,4351.636363636364,497.1818181818182,0.1142516921534219
cell_5/comb_iter_4/left/separable_pointwise3x3_2,OpenCL,32433.999999999996,74554.36363636363,2.29864844411308
cell_5/comb_iter_4/add,OpenCL,1493.3636363636363,1466.0,0.9816765081877398
cell_5/cell_output/concat,CPU,2664.0,3083.3636363636365,1.1574187824187825
cell_6/cell_base/relu,CPU,2580.6363636363635,2566.4545454545455,0.9945045267199775
cell_6/cell_base/Conv1x1,CPU,28419.454545454544,28690.636363636364,1.009542119034976
cell_6/comb_iter_1/left/bf_relu_0,OpenCL,1369.0,317.6363636363636,0.232020718507205
cell_6/comb_iter_1/left/separable_depthwise7x7_1,OpenCL,20370.090909090908,357.09090909090907,0.017530157851752347
cell_6/comb_iter_1/left/separable_pointwise7x7_1,OpenCL,32757.272727272728,236.72727272727272,0.007226708850220631
cell_6/comb_iter_1/left/separable_depthwise7x7_2,OpenCL,20418.18181818182,141.9090909090909,0.006950133570792519
cell_6/comb_iter_1/left/separable_pointwise7x7_2,OpenCL,32492.454545454544,185.54545454545453,0.005710416684153244
cell_6/comb_iter_1/right/pooling/maxpool_3,OpenCL,2772.6363636363635,86.18181818181819,0.031082986327420573
cell_6/comb_iter_1/add,OpenCL,1520.6363636363637,111792.09090909091,73.51664972798469
cell_6/comb_iter_2/left/bf_relu_0,CPU,640.1111111111111,1181.8181818181818,1.8462703760395134
cell_6/comb_iter_2/left/separable_depthwise5x5_1,CPU,4215.727272727273,5201.454545454545,1.2338214046966984
cell_6/comb_iter_2/left/separable_pointwise5x5_1,CPU,6620.636363636364,6889.545454545455,1.0406168042072308
cell_6/comb_iter_2/left/separable_depthwise5x5_2,CPU,4075.9999999999995,4565.909090909091,1.120193594433045
cell_6/comb_iter_2/left/separable_pointwise5x5_2,CPU,6692.454545454545,7300.454545454545,1.09084858117011
cell_6/comb_iter_2/right/bf_relu_0,CPU,781.0,1449.1818181818182,1.8555465021534165
cell_6/comb_iter_2/right/separable_depthwise3x3_1,CPU,2379.181818181818,2920.090909090909,1.227350884566887
cell_6/comb_iter_2/right/separable_pointwise3x3_1,CPU,6677.909090909091,6952.363636363636,1.0410988741712839
cell_6/comb_iter_2/right/separable_depthwise3x3_2,CPU,2347.6363636363635,4356.545454545455,1.8557156133828998
cell_6/comb_iter_2/right/separable_pointwise3x3_2,CPU,6690.727272727273,7522.181818181818,1.124269681241338
cell_6/comb_iter_2/add,CPU,954.5454545454545,1015.0,1.0633333333333335
cell_6/comb_iter_3/left/bf_relu_0,CPU,527.4545454545455,803.8181818181819,1.5239572561185797
cell_6/comb_iter_3/left/separable_depthwise3x3_1,CPU,2353.7272727272725,4487.181818181818,1.9064153566876523
cell_6/comb_iter_3/left/separable_pointwise3x3_1,CPU,6679.909090909091,9398.636363636364,1.4070006396385362
cell_6/comb_iter_3/left/separable_depthwise3x3_2,CPU,2370.7272727272725,2740.090909090909,1.1558018252933508
cell_6/comb_iter_3/left/separable_pointwise3x3_2,CPU,6728.545454545455,11173.363636363636,1.6605912394952305
cell_6/comb_iter_3/right/pooling/maxpool_3,CPU,2750.4545454545455,3047.0,1.1078168897702858
cell_6/comb_iter_3/add,CPU,897.3636363636364,1167.0,1.3004761422348292
cell_6/comb_iter_4/add,CPU,852.5454545454545,1322.909090909091,1.5517167839624655
cell_6/cell_output/concat,OpenCL,2673.181818181818,2776.818181818182,1.0387689168508758
cell_7/cell_base/relu,CPU,2695.2727272727275,3209.090909090909,1.1906368051807878
cell_7/cell_base/Conv1x1,CPU,28719.81818181818,50355.27272727273,1.7533283953430956
cell_7/comb_iter_1/left/bf_relu_0,OpenCL,1346.2727272727273,318.45454545454544,0.23654534404753866
cell_7/comb_iter_1/left/separable_depthwise7x7_1,OpenCL,20443.18181818182,540.9090909090909,0.02645914396887159
cell_7/comb_iter_1/left/separable_pointwise7x7_1,OpenCL,32477.81818181818,422.90909090909093,0.01302147479678438
cell_7/comb_iter_1/left/separable_depthwise7x7_2,OpenCL,20379.272727272728,251.0909090909091,0.012320896454508146
cell_7/comb_iter_1/left/separable_pointwise7x7_2,OpenCL,32176.000000000004,308.90909090909093,0.009600605759233308
cell_7/comb_iter_1/right/pooling/maxpool_3,OpenCL,2755.2727272727275,140.0909090909091,0.05084466147551801
cell_7/comb_iter_1/add,OpenCL,1574.6363636363637,109438.45454545454,69.50077940072744
cell_7/comb_iter_2/left/bf_relu_0,CPU,610.0,1021.5454545454545,1.6746646795827123
cell_7/comb_iter_2/left/separable_depthwise5x5_1,CPU,4167.272727272727,6226.454545454545,1.494131762652705
cell_7/comb_iter_2/left/separable_pointwise5x5_1,CPU,6705.181818181818,9184.363636363636,1.3697411771086134
cell_7/comb_iter_2/left/separable_depthwise5x5_2,CPU,4146.727272727273,6090.818181818182,1.4688253606348927
cell_7/comb_iter_2/left/separable_pointwise5x5_2,CPU,6705.090909090909,8967.181818181818,1.3373691631867237
cell_7/comb_iter_2/right/bf_relu_0,CPU,768.5555555555555,916.1818181818181,1.1920827473812872
cell_7/comb_iter_2/right/separable_depthwise3x3_1,CPU,2326.3636363636365,2811.2727272727275,1.208440797186401
cell_7/comb_iter_2/right/separable_pointwise3x3_1,CPU,6690.545454545455,8382.545454545454,1.252894179031469
cell_7/comb_iter_2/right/separable_depthwise3x3_2,CPU,2391.2727272727275,3026.2727272727275,1.2655489659367396
cell_7/comb_iter_2/right/separable_pointwise3x3_2,CPU,6752.272727272727,8244.272727272728,1.2209626388421408
cell_7/comb_iter_2/add,CPU,911.7272727272727,1223.8181818181818,1.342307308804467
cell_7/comb_iter_3/left/bf_relu_0,CPU,508.4545454545455,835.0909090909091,1.6424101555515822
cell_7/comb_iter_3/left/separable_depthwise3x3_1,CPU,2389.2727272727275,3091.0,1.2936991096567991
cell_7/comb_iter_3/left/separable_pointwise3x3_1,CPU,6689.545454545455,8787.0,1.313542162125433
cell_7/comb_iter_3/left/separable_depthwise3x3_2,CPU,2321.3636363636365,3623.818181818182,1.5610730370080281
cell_7/comb_iter_3/left/separable_pointwise3x3_2,CPU,6668.272727272727,9171.636363636364,1.3754141047838477
cell_7/comb_iter_3/right/pooling/maxpool_3,CPU,2717.2727272727275,3192.0,1.1747072599531616
cell_7/comb_iter_3/add,CPU,899.2,1111.6363636363637,1.2362504043998706
cell_8/cell_base/_reduce_prev_layer_relu,CPU,2423.5454545454545,2949.0,1.2168123335458945
cell_8/cell_base/_reduce_prev_layer_Conv1x1,CPU,51550.0,56686.63636363636,1.0996437703906181
cell_8/comb_iter_0/left/bf_relu_0,CPU,1301.2727272727273,1390.5454545454545,1.0686041637557635
cell_8/comb_iter_0/left/separable_depthwise5x5_1,CPU,4519.181818181818,4633.090909090909,1.0252056888817365
cell_8/comb_iter_0/left/separable_pointwise5x5_1,CPU,6341.7,6615.909090909091,1.043239051186447
cell_8/comb_iter_0/left/separable_depthwise5x5_2,CPU,2497.9,2598.2727272727275,1.0401828444984698
cell_8/comb_iter_0/left/separable_pointwise5x5_2,CPU,6410.6,6389.272727272727,0.996673123775111
cell_8/comb_iter_0/right/pooling/maxpool_3,CPU,3560.0,3430.7272727272725,0.9636874361593463
cell_8/comb_iter_0/add,CPU,711.0,953.4545454545455,1.341004986574607
cell_8/comb_iter_4/left/bf_relu_0,CPU,1210.4,1302.7272727272727,1.0762783152075948
cell_8/comb_iter_4/left/separable_depthwise3x3_1,CPU,3853.909090909091,3947.818181818182,1.0243672304389877
cell_8/comb_iter_4/left/separable_pointwise3x3_1,CPU,6393.454545454545,6826.0,1.0676544192924582
cell_8/comb_iter_4/left/separable_depthwise3x3_2,CPU,1738.3636363636363,1852.7272727272727,1.0657880974793432
cell_8/comb_iter_4/left/separable_pointwise3x3_2,CPU,6546.454545454545,6618.454545454545,1.0109983197011567
cell_7/cell_base/_reduce_prev_layer_relu,CPU,2667.7272727272725,2761.818181818182,1.035270063043108
cell_7/cell_base/_reduce_prev_layer_Conv1x1,CPU,28783.2,28975.909090909092,1.006695193408276
cell_7/comb_iter_0/left/bf_relu_0,CPU,729.3636363636364,928.1818181818181,1.272591300012464
cell_7/comb_iter_0/left/separable_depthwise5x5_1,CPU,4185.636363636364,4261.454545454545,1.0181138960079925
cell_7/comb_iter_0/left/separable_pointwise5x5_1,CPU,6751.545454545455,6770.363636363636,1.0027872406317744
cell_7/comb_iter_0/left/separable_depthwise5x5_2,CPU,4113.0,4305.818181818182,1.0468801803593926
cell_7/comb_iter_0/left/separable_pointwise5x5_2,CPU,6720.090909090909,6866.818181818182,1.0218341202094128
cell_7/comb_iter_0/right/pooling/maxpool_3,CPU,2726.0,2612.0,0.9581804842259721
cell_7/comb_iter_0/add,CPU,862.7272727272727,986.6363636363636,1.1436248682824024
cell_7/comb_iter_4/left/bf_relu_0,CPU,611.5454545454545,795.7272727272727,1.3011743719339974
cell_7/comb_iter_4/left/separable_depthwise3x3_1,CPU,2401.7272727272725,2658.5454545454545,1.10693061811575
cell_7/comb_iter_4/left/separable_pointwise3x3_1,CPU,6740.454545454545,6916.545454545455,1.026124485804842
cell_7/comb_iter_4/left/separable_depthwise3x3_2,CPU,2362.5454545454545,2522.818181818182,1.0678390026165923
cell_7/comb_iter_4/left/separable_pointwise3x3_2,CPU,6700.090909090909,6758.181818181818,1.0086701672975944
cell_7/comb_iter_4/add,CPU,867.8181818181819,1096.090909090909,1.263042111879321
cell_7/cell_output/concat,CPU,2703.818181818182,2885.181818181818,1.0670768610046397
cell_8/cell_base/relu,CPU,2461.5454545454545,3943.6363636363635,1.6020977213132916
cell_8/cell_base/Conv1x1,CPU,50836.36363636364,56543.63636363636,1.1122675250357652
cell_8/comb_iter_1/left/bf_relu_0,OpenCL,1621.4545454545455,165.54545454545453,0.10209688270912759
cell_8/comb_iter_1/left/separable_depthwise7x7_1,OpenCL,14883.727272727272,528.9090909090909,0.035536064402245285
cell_8/comb_iter_1/left/separable_pointwise7x7_1,OpenCL,78225.63636363637,339.27272727272725,0.004337104088173837
cell_8/comb_iter_1/left/separable_depthwise7x7_2,OpenCL,10685.0,209.1818181818182,0.019577147232739185
cell_8/comb_iter_1/left/separable_pointwise7x7_2,OpenCL,79282.54545454546,239.54545454545453,0.0030214147789035303
cell_8/comb_iter_1/right/pooling/maxpool_3,OpenCL,4135.1,109.63636363636364,0.02651359426286272
cell_8/comb_iter_1/add,OpenCL,1254.0,183049.18181818182,145.97223430477018
cell_8/comb_iter_2/left/bf_relu_0,CPU,1159.6363636363637,1330.909090909091,1.1476952022577611
cell_8/comb_iter_2/left/separable_depthwise5x5_1,CPU,4559.363636363636,4983.363636363636,1.0929954339720456
cell_8/comb_iter_2/left/separable_pointwise5x5_1,CPU,6434.454545454545,7047.090909090909,1.09521185662414
cell_8/comb_iter_2/left/separable_depthwise5x5_2,CPU,2540.2727272727275,2628.7272727272725,1.0348208853737966
cell_8/comb_iter_2/left/separable_pointwise5x5_2,CPU,6457.818181818182,7041.636363636364,1.090404865138803
cell_8/comb_iter_2/right/bf_relu_0,CPU,1295.5454545454545,1353.2727272727273,1.0445582766121675
cell_8/comb_iter_2/right/separable_depthwise3x3_1,CPU,3793.818181818182,4062.909090909091,1.07092878366721
cell_8/comb_iter_2/right/separable_pointwise3x3_1,CPU,6449.272727272727,8274.818181818182,1.2830622198415609
cell_8/comb_iter_2/right/separable_depthwise3x3_2,CPU,1827.1818181818182,5403.272727272727,2.9571620478630773
cell_8/comb_iter_2/right/separable_pointwise3x3_2,CPU,6451.181818181818,9206.818181818182,1.4271521778955232
cell_8/comb_iter_2/add,CPU,806.9090909090909,856.6363636363636,1.061626858945471
cell_8/comb_iter_3/left/bf_relu_0,CPU,619.6363636363636,2171.818181818182,3.5049882629107985
cell_8/comb_iter_3/left/separable_depthwise3x3_1,CPU,1805.1818181818182,2863.7272727272725,1.5863927078612075
cell_8/comb_iter_3/left/separable_pointwise3x3_1,CPU,6400.363636363636,9851.727272727272,1.5392449292653827
cell_8/comb_iter_3/left/separable_depthwise3x3_2,CPU,1750.7272727272727,2839.909090909091,1.6221310624156196
cell_8/comb_iter_3/left/separable_pointwise3x3_2,CPU,6421.181818181818,11392.0,1.774128240340917
cell_8/comb_iter_3/right/pooling/maxpool_3,CPU,3455.3636363636365,5175.818181818182,1.4979083901181298
cell_8/comb_iter_3/add,CPU,673.0,1097.8181818181818,1.6312305821964068
cell_8/comb_iter_4/right/relu,CPU,1189.8181818181818,2647.5454545454545,2.2251680929095357
cell_8/comb_iter_4/right/Conv1x1,CPU,6913.727272727273,11761.181818181818,1.7011347648288648
cell_8/comb_iter_4/add,CPU,822.7272727272727,945.2727272727273,1.1489502762430939
cell_8/cell_output/concat,OpenCL,1736.3636363636363,2108.2727272727275,1.214188481675393
cell_9/cell_base/relu,CPU,2157.3636363636365,5421.454545454545,2.5129998735830767
cell_9/cell_base/Conv1x1,CPU,30105.727272727272,59862.0,1.9883924230665866
cell_9/comb_iter_1/left/bf_relu_0,CPU,569.6363636363636,1638.4545454545455,2.8763166294286626
cell_9/comb_iter_1/left/separable_depthwise7x7_1,CPU,11885.454545454546,17883.727272727272,1.5046733975829891
cell_9/comb_iter_1/left/separable_pointwise7x7_1,CPU,6418.545454545455,9359.272727272728,1.4581610107076086
cell_9/comb_iter_1/left/separable_depthwise7x7_2,CPU,12099.545454545454,14728.454545454546,1.217273376159886
cell_9/comb_iter_1/left/separable_pointwise7x7_2,CPU,6467.1,7229.909090909091,1.117952264679546
cell_9/comb_iter_1/right/pooling/maxpool_3,CPU,2248.7272727272725,2387.909090909091,1.0618935963777492
cell_9/comb_iter_1/add,CPU,729.8181818181819,937.0,1.2838814150473343
cell_9/comb_iter_2/left/bf_relu_0,CPU,847.9090909090909,944.0909090909091,1.1134341160072907
cell_9/comb_iter_2/left/separable_depthwise5x5_1,CPU,2598.4545454545455,2882.6363636363635,1.10936570688871
cell_9/comb_iter_2/left/separable_pointwise5x5_1,CPU,6446.181818181818,7496.181818181818,1.1628871213403282
cell_9/comb_iter_2/left/separable_depthwise5x5_2,CPU,2538.3636363636365,2830.5454545454545,1.1151063677387005
cell_9/comb_iter_2/left/separable_pointwise5x5_2,CPU,6329.636363636364,7173.818181818182,1.133369718208715
cell_9/comb_iter_2/right/bf_relu_0,CPU,828.6363636363636,881.3636363636364,1.063631376851344
cell_9/comb_iter_2/right/separable_depthwise3x3_1,CPU,1754.0,2035.3636363636363,1.1604125634912408
cell_9/comb_iter_2/right/separable_pointwise3x3_1,CPU,6363.363636363636,6995.090909090909,1.0992756832435677
cell_9/comb_iter_2/right/separable_depthwise3x3_2,CPU,1696.0,1873.2727272727273,1.1045240137221268
cell_9/comb_iter_2/right/separable_pointwise3x3_2,CPU,6297.727272727273,6894.454545454545,1.094752796824251
cell_9/comb_iter_2/add,CPU,756.1818181818181,943.0909090909091,1.2471748016350086
cell_9/comb_iter_3/left/bf_relu_0,CPU,676.8181818181819,712.4545454545455,1.0526527871054399
cell_9/comb_iter_3/left/separable_depthwise3x3_1,CPU,1876.7,2032.5454545454545,1.0830422840866705
cell_9/comb_iter_3/left/separable_pointwise3x3_1,CPU,6361.0,6973.818181818182,1.0963399122493604
cell_9/comb_iter_3/left/separable_depthwise3x3_2,CPU,1729.909090909091,1899.090909090909,1.0977980976404433
cell_9/comb_iter_3/left/separable_pointwise3x3_2,CPU,6333.363636363636,6762.818181818182,1.0678082879986222
cell_9/comb_iter_3/right/pooling/maxpool_3,CPU,2242.909090909091,2193.5454545454545,0.9779912451361867
cell_9/comb_iter_3/add,CPU,772.7,831.0,1.0754497217548855
cell_10/cell_base/_reduce_prev_layer_relu,CPU,2313.090909090909,2338.0,1.0107687470523503
cell_10/cell_base/_reduce_prev_layer_Conv1x1,CPU,29862.272727272728,32177.363636363636,1.0775256099974124
cell_10/comb_iter_0/left/bf_relu_0,OpenCL,1093.4444444444443,231.45454545454547,0.21167471894024076
cell_10/comb_iter_0/left/separable_depthwise5x5_1,OpenCL,7971.363636363636,283.72727272727275,0.035593316986941896
cell_10/comb_iter_0/left/separable_pointwise5x5_1,OpenCL,74556.09090909091,310.27272727272725,0.004161601332492802
cell_10/comb_iter_0/left/separable_depthwise5x5_2,OpenCL,8382.818181818182,150.72727272727272,0.017980501241717364
cell_10/comb_iter_0/left/separable_pointwise5x5_2,OpenCL,71280.63636363637,200.63636363636363,0.002814738670581198
cell_10/comb_iter_0/right/pooling/maxpool_3,OpenCL,2983.909090909091,88.0,0.02949151509612162
cell_10/comb_iter_0/add,OpenCL,1186.9,177365.0909090909,149.43558084850525
cell_10/comb_iter_4/left/bf_relu_0,CPU,838.6363636363636,679.0909090909091,0.8097560975609757
cell_10/comb_iter_4/left/separable_depthwise3x3_1,CPU,1741.7272727272727,2599.0,1.4921968787515005
cell_10/comb_iter_4/left/separable_pointwise3x3_1,CPU,6419.636363636364,7203.181818181818,1.1220544918998527
cell_10/comb_iter_4/left/separable_depthwise3x3_2,CPU,1697.0,2445.181818181818,1.4408849841967106
cell_10/comb_iter_4/left/separable_pointwise3x3_2,CPU,6434.818181818182,10282.454545454546,1.5979401833773648
cell_9/cell_base/_reduce_prev_layer_relue,OpenCL,2796.777777777778,356.90909090909093,0.1276143902976369
cell_9/cell_base/_reduce_prev_layer_prev_1x1_path1_pooling,OpenCL,1797.4545454545455,90.0909090909091,0.0501213837750354
cell_9/cell_base/_reduce_prev_layer_prev_1x1_path1_conv,OpenCL,43876.181818181816,375.0,0.008546778330757215
cell_9/cell_base/_reduce_prev_layer_prev_1x1_path2_pooling,OpenCL,2601.9,51.81818181818182,0.019915516283555024
cell_9/cell_base/_reduce_prev_layer_prev_1x1_path2_conv,OpenCL,43799.454545454544,233.1818181818182,0.0053238521027659125
cell_9/cell_base/_reduce_prev_layer_prev_1x1_concat,OpenCL,858.875,98138.81818181818,114.26437861367275
cell_9/comb_iter_0/left/bf_relu_0,CPU,807.0909090909091,1464.2727272727273,1.8142599684613652
cell_9/comb_iter_0/left/separable_depthwise5x5_1,CPU,2553.2727272727275,3841.909090909091,1.5046998504593034
cell_9/comb_iter_0/left/separable_pointwise5x5_1,CPU,6454.090909090909,10416.09090909091,1.6138742164941196
cell_9/comb_iter_0/left/separable_depthwise5x5_2,CPU,2540.090909090909,3519.818181818182,1.385705593930067
cell_9/comb_iter_0/left/separable_pointwise5x5_2,CPU,6492.272727272727,10487.818181818182,1.6154309318770568
cell_9/comb_iter_0/right/pooling/maxpool_3,CPU,2234.7272727272725,2928.090909090909,1.3102676755349443
cell_9/comb_iter_0/add,CPU,728.6363636363636,1227.909090909091,1.685215221459763
cell_9/comb_iter_4/left/bf_relu_0,CPU,860.3636363636364,1369.2727272727273,1.5915046491969569
cell_9/comb_iter_4/left/separable_depthwise3x3_1,CPU,1781.8181818181818,2977.818181818182,1.6712244897959185
cell_9/comb_iter_4/left/separable_pointwise3x3_1,CPU,6315.727272727273,10351.454545454546,1.638996444661955
cell_9/comb_iter_4/left/separable_depthwise3x3_2,CPU,1714.7272727272727,2936.2727272727275,1.712384688792281
cell_9/comb_iter_4/left/separable_pointwise3x3_2,CPU,6411.818181818182,10548.0,1.6450871969374734
cell_9/comb_iter_4/add,CPU,988.8181818181819,1552.5454545454545,1.5701020501976646
cell_9/cell_output/concat,OpenCL,1759.4545454545455,2158.090909090909,1.2265681512865556
cell_10/cell_base/relu,CPU,2177.818181818182,4639.272727272727,2.1302387710803137
cell_10/cell_base/Conv1x1,CPU,30079.0,63921.545454545456,2.1251220271466957
cell_10/comb_iter_1/left/bf_relu_0,CPU,597.0909090909091,850.1818181818181,1.4238733252131546
cell_10/comb_iter_1/left/separable_depthwise7x7_1,CPU,12006.0,17148.454545454544,1.428323716929414
cell_10/comb_iter_1/left/separable_pointwise7x7_1,CPU,6375.181818181818,8687.545454545454,1.362713362898741
cell_10/comb_iter_1/left/separable_depthwise7x7_2,CPU,11829.0,14112.0,1.1930002536139994
cell_10/comb_iter_1/left/separable_pointwise7x7_2,CPU,6421.545454545455,7485.454545454545,1.165678044084545
cell_10/comb_iter_1/right/pooling/maxpool_3,CPU,2240.6363636363635,2490.3636363636365,1.1114537266198727
cell_10/comb_iter_1/add,CPU,723.1818181818181,880.7272727272727,1.217850408548083
cell_10/comb_iter_2/left/bf_relu_0,CPU,858.6363636363636,965.5454545454545,1.1245103229221811
cell_10/comb_iter_2/left/separable_depthwise5x5_1,CPU,2554.5454545454545,2944.0,1.152455516014235
cell_10/comb_iter_2/left/separable_pointwise5x5_1,CPU,6369.454545454545,7756.636363636364,1.2177865951130395
cell_10/comb_iter_2/left/separable_depthwise5x5_2,CPU,2522.181818181818,2849.3636363636365,1.1297217416378318
cell_10/comb_iter_2/left/separable_pointwise5x5_2,CPU,6360.636363636364,7301.636363636364,1.147941172266926
cell_10/comb_iter_2/right/bf_relu_0,CPU,838.4545454545455,975.2727272727273,1.1631790089992409
cell_10/comb_iter_2/right/separable_depthwise3x3_1,CPU,1716.3636363636363,2000.0,1.1652542372881356
cell_10/comb_iter_2/right/separable_pointwise3x3_1,CPU,6386.181818181818,7110.090909090909,1.113355540371256
cell_10/comb_iter_2/right/separable_depthwise3x3_2,CPU,1736.1818181818182,1831.6363636363637,1.0549795790135092
cell_10/comb_iter_2/right/separable_pointwise3x3_2,CPU,6438.727272727273,7027.0,1.091364753056787
cell_10/comb_iter_2/add,CPU,793.1818181818181,917.0,1.1561031518624643
cell_10/comb_iter_3/left/bf_relu_0,CPU,615.2727272727273,707.4545454545455,1.149822695035461
cell_10/comb_iter_3/left/separable_depthwise3x3_1,CPU,1811.090909090909,1968.0,1.0866378877622729
cell_10/comb_iter_3/left/separable_pointwise3x3_1,CPU,6359.636363636364,7314.090909090909,1.1500800503173423
cell_10/comb_iter_3/left/separable_depthwise3x3_2,CPU,1691.8181818181818,1841.3636363636363,1.0883933369156367
cell_10/comb_iter_3/left/separable_pointwise3x3_2,CPU,6400.727272727273,6823.818181818182,1.0661004431314622
cell_10/comb_iter_3/right/pooling/maxpool_3,CPU,2226.5454545454545,2275.4545454545455,1.0219663563612609
cell_10/comb_iter_3/add,CPU,801.4545454545455,824.4545454545455,1.0286978221415608
cell_10/comb_iter_4/add,CPU,993.0,1103.909090909091,1.1116909274008973
cell_10/cell_output/concat,OpenCL,1742.8,5162.818181818182,2.9623698541531915
cell_11/cell_base/relu,CPU,2246.4545454545455,2326.7272727272725,1.035733074339363
cell_11/cell_base/Conv1x1,CPU,30131.727272727272,37048.72727272727,1.2295586953045567
cell_11/comb_iter_1/left/bf_relu_0,CPU,558.8,731.9090909090909,1.3097872063512723
cell_11/comb_iter_1/left/separable_depthwise7x7_1,CPU,11966.818181818182,13160.636363636364,1.0997607019409732
cell_11/comb_iter_1/left/separable_pointwise7x7_1,CPU,6373.090909090909,6946.545454545455,1.0899806002510557
cell_11/comb_iter_1/left/separable_depthwise7x7_2,CPU,11951.90909090909,11923.181818181818,0.9975964281096212
cell_11/comb_iter_1/left/separable_pointwise7x7_2,CPU,6504.818181818182,6539.454545454545,1.0053247243302166
cell_11/comb_iter_1/right/pooling/maxpool_3,CPU,2230.7272727272725,2203.818181818182,0.9879370771864049
cell_11/comb_iter_1/add,CPU,727.3636363636364,862.7272727272727,1.1861017372828397
cell_11/comb_iter_2/left/bf_relu_0,CPU,797.1818181818181,889.7272727272727,1.1160907743186226
cell_11/comb_iter_2/left/separable_depthwise5x5_1,CPU,2564.0,2690.7272727272725,1.0494256133881719
cell_11/comb_iter_2/left/separable_pointwise5x5_1,CPU,6416.454545454545,6492.0,1.0117737068049475
cell_11/comb_iter_2/left/separable_depthwise5x5_2,CPU,2540.818181818182,2724.5454545454545,1.072310279437547
cell_11/comb_iter_2/left/separable_pointwise5x5_2,CPU,6545.090909090909,6529.181818181818,0.9975693094060781
cell_11/comb_iter_2/right/bf_relu_0,CPU,830.3,924.2727272727273,1.1131792451797269
cell_11/comb_iter_2/right/separable_depthwise3x3_1,CPU,1751.090909090909,1815.090909090909,1.0365486450005192
cell_11/comb_iter_2/right/separable_pointwise3x3_1,CPU,6450.454545454545,6470.272727272727,1.0030723698118527
cell_11/comb_iter_2/right/separable_depthwise3x3_2,CPU,1754.3636363636363,1757.5454545454545,1.0018136594465747
cell_11/comb_iter_2/right/separable_pointwise3x3_2,CPU,6462.363636363636,6463.363636363636,1.0001547421433195
cell_11/comb_iter_2/add,CPU,832.1818181818181,835.0909090909091,1.0034957395674022
cell_11/comb_iter_3/left/bf_relu_0,CPU,631.3636363636364,647.2727272727273,1.025197984161267
cell_11/comb_iter_3/left/separable_depthwise3x3_1,CPU,1812.8181818181818,1788.909090909091,0.9868110927235345
cell_11/comb_iter_3/left/separable_pointwise3x3_1,CPU,6471.090909090909,6554.545454545455,1.0128965187828385
cell_11/comb_iter_3/left/separable_depthwise3x3_2,CPU,1768.0,1795.1818181818182,1.0153743315508021
cell_11/comb_iter_3/left/separable_pointwise3x3_2,CPU,6572.181818181818,6570.818181818182,0.9997925139015686
cell_11/comb_iter_3/right/pooling/maxpool_3,CPU,2230.818181818182,2188.090909090909,0.9808468152736459
cell_11/comb_iter_3/add,CPU,798.3,806.0909090909091,1.009759375035587
cell_11/cell_base/_reduce_prev_layer_relu,CPU,2188.909090909091,3123.2727272727275,1.426862696237229
cell_11/cell_base/_reduce_prev_layer_Conv1x1,CPU,30341.363636363636,34699.09090909091,1.1436233165046217
cell_11/comb_iter_0/left/bf_relu_0,CPU,569.1818181818181,846.0909090909091,1.4865037533940266
cell_11/comb_iter_0/left/separable_depthwise5x5_1,CPU,2590.2727272727275,2667.818181818182,1.0299371775523813
cell_11/comb_iter_0/left/separable_pointwise5x5_1,CPU,6464.090909090909,6615.363636363636,1.0234020111103297
cell_11/comb_iter_0/left/separable_depthwise5x5_2,CPU,2529.090909090909,2607.181818181818,1.0308770668583753
cell_11/comb_iter_0/left/separable_pointwise5x5_2,CPU,6392.363636363636,6537.636363636364,1.0227259798623358
cell_11/comb_iter_0/right/pooling/maxpool_3,CPU,2253.6363636363635,2281.6363636363635,1.0124243646631705
cell_11/comb_iter_0/add,CPU,764.3636363636364,801.0909090909091,1.0480494766888677
cell_11/comb_iter_4/left/bf_relu_0,CPU,812.9090909090909,894.6363636363636,1.1005367926638336
cell_11/comb_iter_4/left/separable_depthwise3x3_1,CPU,1773.1818181818182,1785.3636363636363,1.0068700333247884
cell_11/comb_iter_4/left/separable_pointwise3x3_1,CPU,6496.272727272727,6593.818181818182,1.0150156033529718
cell_11/comb_iter_4/left/separable_depthwise3x3_2,CPU,1738.0,1786.7272727272727,1.028036405481745
cell_11/comb_iter_4/left/separable_pointwise3x3_2,CPU,6454.818181818182,6551.454545454545,1.0149711984000676
cell_11/comb_iter_4/add,CPU,952.8181818181819,1020.5454545454545,1.0710810037210188
cell_11/cell_output/concat,OpenCL,1780.090909090909,489.1818181818182,0.27480721107195755
final_layer/relu,OpenCL,1839.4545454545455,50.09090909090909,0.027231392705347437
final_layer/pooling,OpenCL,1549.909090909091,6469.0,4.173793184350988
final_layer/FullyConnected,CPU,4082.454545454546,4774.727272727273,1.1695726724118733
final_layer/predictions,CPU,70.22222222222223,290.27272727272725,4.133630609896432
