cell_stem_conv1,CPU,22425.0,24573.81818181818,1.095822438431134
cell_stem_0/cell_base/relu,CPU,5542.636363636364,8860.272727272728,1.5985664846069314
cell_stem_0/cell_base/Conv1x1,CPU,26458.636363636364,29530.272727272728,1.1160920132625538
cell_stem_0/comb_iter_0/left/bf_relu_0,CPU,2567.181818181818,3827.7272727272725,1.4910230532242643
cell_stem_0/comb_iter_0/left/separable_depthwise5x5_1,CPU,10806.454545454546,12633.727272727272,1.1690908632046504
cell_stem_0/comb_iter_0/left/separable_pointwise5x5_1,CPU,4852.909090909091,5413.818181818182,1.115582031396351
cell_stem_0/comb_iter_0/left/separable_depthwise5x5_2,CPU,6276.8,6997.545454545455,1.1148268950015063
cell_stem_0/comb_iter_0/left/separable_pointwise5x5_2,CPU,4821.9,5392.181818181818,1.1182691093099855
cell_stem_0/comb_iter_1/left/pooling/maxpool_3,OpenCL,4105.272727272727,585.3636363636364,0.14258824571504497
cell_stem_0/comb_iter_2/left/pooling/avgpool_3,CPU,3748.8,4204.0,1.1214255228339736
cell_stem_0/comb_iter_4/right/pooling/maxpool_3,CPU,4246.8,4732.454545454545,1.1143577624221872
cell_stem_0/comb_iter_0/right/bf_relu_0,CPU,5914.818181818182,7672.818181818182,1.297219617908796
cell_stem_0/comb_iter_0/right/separable_depthwise7x7_1,CPU,72145.72727272728,76302.72727272728,1.0576194898456786
cell_stem_0/comb_iter_0/right/separable_pointwise7x7_1,CPU,7850.454545454545,8259.454545454546,1.0520988940999365
cell_stem_0/comb_iter_0/right/separable_depthwise7x7_2,CPU,25409.18181818182,26907.363636363636,1.0589622219598498
cell_stem_0/comb_iter_0/right/separable_pointwise7x7_2,CPU,4803.545454545455,5008.181818181818,1.0426011090293152
cell_stem_0/comb_iter_0/add,CPU,1254.3636363636363,1361.7272727272727,1.0855921147992464
cell_stem_0/comb_iter_3/right/pooling/avgpool_3,CPU,2722.4545454545455,2777.3636363636365,1.0201689651718036
cell_stem_0/comb_iter_4/left/bf_relu_0,CPU,883.4545454545455,924.7272727272727,1.0467174315702819
cell_stem_0/comb_iter_4/left/separable_depthwise3x3_1,CPU,3309.2727272727275,3597.4545454545455,1.0870831273006978
cell_stem_0/comb_iter_4/left/separable_pointwise3x3_1,CPU,4744.363636363636,5116.909090909091,1.078523798574385
cell_stem_0/comb_iter_4/left/separable_depthwise3x3_2,CPU,3326.2727272727275,3653.3636363636365,1.0983355653338436
cell_stem_0/comb_iter_4/left/separable_pointwise3x3_2,CPU,4815.454545454545,4980.181818181818,1.0342080422880877
cell_stem_0/comb_iter_4/add,CPU,1156.3636363636363,1198.909090909091,1.0367924528301888
cell_stem_0/comb_iter_1/right/bf_relu_0,OpenCL,5262.636363636364,595.6363636363636,0.11318212441050976
cell_stem_0/comb_iter_1/right/separable_depthwise7x7_1,OpenCL,115725.45454545454,653.9090909090909,0.005650520825150434
cell_stem_0/comb_iter_1/right/separable_pointwise7x7_1,OpenCL,51813.09090909091,613.0,0.01183098690397653
cell_stem_0/comb_iter_1/right/separable_depthwise7x7_2,OpenCL,35916.454545454544,342.8181818181818,0.009544878138913287
cell_stem_0/comb_iter_1/right/separable_pointwise7x7_2,OpenCL,28304.0,447.54545454545456,0.01581209209106326
cell_stem_0/comb_iter_1/add,OpenCL,1836.1818181818182,213978.27272727274,116.53435983760768
cell_stem_0/comb_iter_3/add,CPU,1144.3636363636363,1317.6363636363637,1.151414045122339
cell_stem_0/comb_iter_2/right/bf_relu_0,CPU,5525.363636363636,6108.727272727273,1.1055792296681421
cell_stem_0/comb_iter_2/right/separable_depthwise5x5_1,CPU,24001.363636363636,26012.18181818182,1.0837793307198456
cell_stem_0/comb_iter_2/right/separable_pointwise5x5_1,CPU,7873.818181818182,8023.272727272727,1.0189812035283794
cell_stem_0/comb_iter_2/right/separable_depthwise5x5_2,CPU,6201.545454545455,6272.454545454545,1.0114341000043976
cell_stem_0/comb_iter_2/right/separable_pointwise5x5_2,CPU,4853.909090909091,5053.0,1.0410166126645815
cell_stem_0/comb_iter_2/add,CPU,1141.090909090909,1209.2727272727273,1.059751434034417
cell_stem_0/cell_output/concat,OpenCL,3144.0,3069.909090909091,0.9764341892204488
cell_stem_1/cell_base/relu,CPU,2651.818181818182,2761.090909090909,1.0412067192320877
cell_stem_1/cell_base/Conv1x1,CPU,15501.636363636364,15555.09090909091,1.0034483163067829
cell_stem_1/comb_iter_0/left/bf_relu_0,CPU,1414.7272727272727,1665.0,1.1769052820974168
cell_stem_1/comb_iter_0/left/separable_depthwise5x5_1,CPU,6727.454545454545,6750.909090909091,1.0034863922596686
cell_stem_1/comb_iter_0/left/separable_pointwise5x5_1,CPU,2817.4545454545455,3027.818181818182,1.0746644295302015
cell_stem_1/comb_iter_0/left/separable_depthwise5x5_2,CPU,4022.0000000000005,4070.818181818182,1.012137787622621
cell_stem_1/comb_iter_0/left/separable_pointwise5x5_2,CPU,2788.090909090909,3068.090909090909,1.1004271414131535
cell_stem_1/comb_iter_1/left/pooling/maxpool_3,OpenCL,2859.2727272727275,458.54545454545456,0.16037135953198525
cell_stem_1/comb_iter_2/left/pooling/avgpool_3,CPU,1917.5454545454545,2067.4545454545455,1.078177594462618
cell_stem_1/comb_iter_4/right/pooling/maxpool_3,OpenCL,2845.909090909091,103.45454545454545,0.03635202044401853
cell_0/cell_base/_reduce_prev_layer_relue,CPU,2565.4545454545455,2823.3636363636365,1.1005315379163714
cell_0/cell_base/_reduce_prev_layer_prev_1x1_path1_pooling,CPU,6384.363636363636,6148.454545454545,0.9630489263541607
cell_0/cell_base/_reduce_prev_layer_prev_1x1_path1_conv,CPU,4132.818181818182,4371.272727272727,1.0576978069114185
cell_0/cell_base/_reduce_prev_layer_prev_1x1_path2_pooling,CPU,6292.454545454545,6151.727272727273,0.9776355519597788
cell_0/cell_base/_reduce_prev_layer_prev_1x1_path2_conv,CPU,4133.272727272727,4369.818181818182,1.0572295781463072
cell_0/cell_base/_reduce_prev_layer_prev_1x1_concat,CPU,1137.909090909091,1258.4545454545455,1.1059359271390907
cell_0/comb_iter_0/right/bf_relu_0,CPU,897.0,1466.1818181818182,1.6345393736698086
cell_0/comb_iter_0/right/separable_depthwise3x3_1,CPU,3581.0,5324.545454545455,1.486887867787058
cell_0/comb_iter_0/right/separable_pointwise3x3_1,CPU,6034.454545454545,7439.727272727273,1.2328748549993223
cell_0/comb_iter_0/right/separable_depthwise3x3_2,CPU,3541.090909090909,4667.363636363636,1.318058122817827
cell_0/comb_iter_0/right/separable_pointwise3x3_2,CPU,6076.0,6231.545454545455,1.0255999760608057
cell_0/comb_iter_1/left/bf_relu_0,CPU,942.3636363636364,1152.5454545454545,1.223036851244453
cell_0/comb_iter_1/left/separable_depthwise5x5_1,CPU,6140.545454545455,6271.0,1.0212447813342018
cell_0/comb_iter_1/left/separable_pointwise5x5_1,CPU,6034.636363636364,6294.909090909091,1.0431298112411684
cell_0/comb_iter_1/left/separable_depthwise5x5_2,CPU,6192.545454545455,6315.636363636364,1.0198772717930649
cell_0/comb_iter_1/left/separable_pointwise5x5_2,CPU,6042.181818181818,6275.727272727273,1.0386525036109775
cell_0/comb_iter_1/right/bf_relu_0,CPU,964.0909090909091,1135.7272727272727,1.178029231494578
cell_0/comb_iter_1/right/separable_depthwise3x3_1,CPU,3541.5454545454545,3671.0,1.0365531226737172
cell_0/comb_iter_1/right/separable_pointwise3x3_1,CPU,6033.818181818182,6255.545454545455,1.0367474236123666
cell_0/comb_iter_1/right/separable_depthwise3x3_2,CPU,3560.818181818182,3686.818181818182,1.035385125992494
cell_0/comb_iter_1/right/separable_pointwise3x3_2,CPU,6041.181818181818,6256.181818181818,1.0355890629467444
cell_0/comb_iter_1/add,CPU,1249.1818181818182,1404.090909090909,1.1240084418892364
cell_0/comb_iter_3/left/pooling/avgpool_3,OpenCL,3991.909090909091,335.09090909090907,0.08394252009746987
cell_0/comb_iter_3/right/pooling/avgpool_3,OpenCL,3978.818181818182,86.45454545454545,0.021728699705257384
cell_0/comb_iter_3/add,OpenCL,3783.818181818182,15632.90909090909,4.131516986209216
cell_stem_1/cell_base/_reduce_prev_layer_relue,CPU,5321.0,5948.545454545455,1.1179375032034307
cell_stem_1/cell_base/_reduce_prev_layer_prev_1x1_path1_pooling,CPU,13943.272727272728,13725.363636363636,0.9843717400375547
cell_stem_1/cell_base/_reduce_prev_layer_prev_1x1_path1_conv,CPU,7875.636363636364,8118.454545454545,1.0308315633945886
cell_stem_1/cell_base/_reduce_prev_layer_prev_1x1_path2_pooling,CPU,14015.0,13661.454545454546,0.9747737813381767
cell_stem_1/cell_base/_reduce_prev_layer_prev_1x1_path2_conv,CPU,7857.636363636364,8002.272727272727,1.018407108313858
cell_stem_1/cell_base/_reduce_prev_layer_prev_1x1_concat,CPU,1620.909090909091,1779.2727272727273,1.0977005047672461
cell_stem_1/comb_iter_0/right/bf_relu_0,CPU,1466.090909090909,1950.909090909091,1.3306876666459975
cell_stem_1/comb_iter_0/right/separable_depthwise7x7_1,CPU,16917.18181818182,18886.090909090908,1.1163851705366785
cell_stem_1/comb_iter_0/right/separable_pointwise7x7_1,CPU,2790.818181818182,3079.181818181818,1.1033258412326132
cell_stem_1/comb_iter_0/right/separable_depthwise7x7_2,CPU,14245.09090909091,14626.727272727272,1.0267907285444426
cell_stem_1/comb_iter_0/right/separable_pointwise7x7_2,CPU,2763.6363636363635,3038.909090909091,1.0996052631578948
cell_stem_1/comb_iter_0/add,CPU,733.3636363636364,856.0909090909091,1.167348456675344
cell_stem_1/comb_iter_3/right/pooling/avgpool_3,CPU,1671.5454545454545,1728.3636363636363,1.0339914069723173
cell_stem_1/comb_iter_4/left/bf_relu_0,OpenCL,1241.3636363636363,120.9090909090909,0.09740021969974369
cell_stem_1/comb_iter_4/left/separable_depthwise3x3_1,OpenCL,2641.7272727272725,333.45454545454544,0.1262259540933962
cell_stem_1/comb_iter_4/left/separable_pointwise3x3_1,OpenCL,7122.727272727273,310.90909090909093,0.04365028717294193
cell_stem_1/comb_iter_4/left/separable_depthwise3x3_2,OpenCL,2579.090909090909,321.54545454545456,0.12467395135706734
cell_stem_1/comb_iter_4/left/separable_pointwise3x3_2,OpenCL,7110.909090909091,282.8181818181818,0.039772436716952186
cell_stem_1/comb_iter_4/add,OpenCL,1293.8,17356.0,13.41474725614469
cell_stem_1/comb_iter_1/right/bf_relu_0,OpenCL,2315.090909090909,372.54545454545456,0.16092044294353255
cell_stem_1/comb_iter_1/right/separable_depthwise7x7_1,OpenCL,22617.81818181818,420.72727272727275,0.018601585234489303
cell_stem_1/comb_iter_1/right/separable_pointwise7x7_1,OpenCL,7162.090909090909,319.27272727272725,0.04457814503128847
cell_stem_1/comb_iter_1/right/separable_depthwise7x7_2,OpenCL,16448.545454545456,183.45454545454547,0.011153238197353732
cell_stem_1/comb_iter_1/right/separable_pointwise7x7_2,OpenCL,7157.454545454545,231.0909090909091,0.032286744906772344
cell_stem_1/comb_iter_1/add,OpenCL,1292.4,56673.36363636364,43.85125629554599
cell_stem_1/comb_iter_3/add,CPU,705.3636363636364,1096.4545454545455,1.5544528934140998
cell_stem_1/comb_iter_2/right/bf_relu_0,CPU,1577.3636363636363,1879.2727272727273,1.1914010719843238
cell_stem_1/comb_iter_2/right/separable_depthwise5x5_1,CPU,6805.818181818182,7994.272727272727,1.1746233169480658
cell_stem_1/comb_iter_2/right/separable_pointwise5x5_1,CPU,2766.6,3107.2727272727275,1.1231376878741877
cell_stem_1/comb_iter_2/right/separable_depthwise5x5_2,CPU,4034.727272727273,4914.727272727273,1.2181064395475643
cell_stem_1/comb_iter_2/right/separable_pointwise5x5_2,CPU,2786.6363636363635,3254.818181818182,1.1680096564773432
cell_stem_1/comb_iter_2/add,CPU,729.7272727272727,921.5454545454545,1.262862837922013
cell_stem_1/cell_output/concat,OpenCL,1785.7,1856.6363636363637,1.0397246814338152
cell_0/cell_base/relu,OpenCL,4262.181818181818,63.72727272727273,0.014951795921849672
cell_0/cell_base/Conv1x1,OpenCL,41957.181818181816,45258.09090909091,1.0786732794688958
cell_0/comb_iter_0/left/bf_relu_0,CPU,951.7272727272727,1869.0,1.963797879453625
cell_0/comb_iter_0/left/separable_depthwise5x5_1,CPU,6227.636363636364,16611.727272727272,2.6674208805325232
cell_0/comb_iter_0/left/separable_pointwise5x5_1,CPU,6117.727272727273,16139.0,2.638071179136637
cell_0/comb_iter_0/left/separable_depthwise5x5_2,CPU,6268.181818181818,14754.272727272728,2.3538361131254533
cell_0/comb_iter_0/left/separable_pointwise5x5_2,CPU,6074.454545454545,12553.545454545454,2.0666127897753634
cell_0/comb_iter_0/add,CPU,1224.5454545454545,1861.3636363636363,1.520044543429844
cell_0/comb_iter_2/left/pooling/avgpool_3,OpenCL,4036.818181818182,4444.0,1.1008670194797883
cell_0/comb_iter_2/add,OpenCL,3620.5454545454545,3758.7272727272725,1.038166022196555
cell_0/comb_iter_4/left/bf_relu_0,OpenCL,2560.090909090909,154.45454545454547,0.060331664358510007
cell_0/comb_iter_4/left/separable_depthwise3x3_1,OpenCL,4077.0,485.6363636363636,0.11911610587107276
cell_0/comb_iter_4/left/separable_pointwise3x3_1,OpenCL,21482.363636363636,647.7272727272727,0.030151583116806175
cell_0/comb_iter_4/left/separable_depthwise3x3_2,OpenCL,4115.727272727273,306.45454545454544,0.07445939080688269
cell_0/comb_iter_4/left/separable_pointwise3x3_2,OpenCL,21333.090909090908,487.72727272727275,0.02286247570995125
cell_0/comb_iter_4/add,OpenCL,3624.909090909091,53873.72727272727,14.862090585343832
cell_0/cell_output/concat,CPU,4769.636363636364,6504.545454545455,1.363740327068959
cell_1/cell_base/relu,CPU,3854.0,5432.0,1.4094447327451998
cell_1/cell_base/Conv1x1,CPU,29370.909090909092,35537.0,1.209938714869382
cell_1/comb_iter_0/left/bf_relu_0,CPU,962.8181818181819,1533.5454545454545,1.592767444056274
cell_1/comb_iter_0/left/separable_depthwise5x5_1,CPU,6158.363636363636,8229.0,1.3362315845413482
cell_1/comb_iter_0/left/separable_pointwise5x5_1,CPU,6028.181818181818,7381.818181818182,1.2245513497210074
cell_1/comb_iter_0/left/separable_depthwise5x5_2,CPU,6321.727272727273,6896.090909090909,1.090855491163232
cell_1/comb_iter_0/left/separable_pointwise5x5_2,CPU,6090.909090909091,6678.090909090909,1.0964029850746269
cell_1/comb_iter_2/left/pooling/avgpool_3,OpenCL,4075.0909090909086,4491.272727272727,1.102128229152724
cell_1/comb_iter_4/left/bf_relu_0,OpenCL,2751.4545454545455,72.72727272727273,0.02643230027093108
cell_1/comb_iter_4/left/separable_depthwise3x3_1,OpenCL,4111.181818181818,1525.4545454545455,0.37105012935895454
cell_1/comb_iter_4/left/separable_pointwise3x3_1,OpenCL,21708.0,399.6363636363636,0.01840963532505821
cell_1/comb_iter_4/left/separable_depthwise3x3_2,OpenCL,4087.6363636363635,170.0909090909091,0.04161106663108265
cell_1/comb_iter_4/left/separable_pointwise3x3_2,OpenCL,21286.18181818182,53179.90909090909,2.4983301159950115
cell_1/comb_iter_4/add,OpenCL,3754.6363636363635,3945.909090909091,1.0509430764388272
cell_2/cell_base/_reduce_prev_layer_relu,CPU,3862.181818181818,5892.636363636364,1.5257273326428775
cell_2/cell_base/_reduce_prev_layer_Conv1x1,CPU,29763.909090909092,33959.90909090909,1.140976105900068
cell_2/comb_iter_0/right/bf_relu_0,CPU,969.8181818181819,1234.909090909091,1.2733408323959505
cell_2/comb_iter_0/right/separable_depthwise3x3_1,CPU,3593.181818181818,5518.545454545455,1.5358380771663507
cell_2/comb_iter_0/right/separable_pointwise3x3_1,CPU,6098.454545454545,7351.454545454545,1.2054618904938659
cell_2/comb_iter_0/right/separable_depthwise3x3_2,CPU,3583.818181818182,3813.7272727272725,1.0641519963472172
cell_2/comb_iter_0/right/separable_pointwise3x3_2,CPU,6066.545454545455,6256.272727272727,1.0312743511358866
cell_2/comb_iter_1/left/bf_relu_0,CPU,942.0909090909091,1154.0,1.2249348644214995
cell_2/comb_iter_1/left/separable_depthwise5x5_1,CPU,6220.818181818182,6360.0,1.0223735550716802
cell_2/comb_iter_1/left/separable_pointwise5x5_1,CPU,6084.090909090909,6315.272727272727,1.0379977586850953
cell_2/comb_iter_1/left/separable_depthwise5x5_2,CPU,6257.272727272727,6292.818181818182,1.0056806625018162
cell_2/comb_iter_1/left/separable_pointwise5x5_2,CPU,6062.272727272727,6295.090909090909,1.0384044387793356
cell_2/comb_iter_1/right/bf_relu_0,CPU,1029.4545454545455,1152.1818181818182,1.1192158247968915
cell_2/comb_iter_1/right/separable_depthwise3x3_1,CPU,3762.181818181818,3748.0,0.9962304272182486
cell_2/comb_iter_1/right/separable_pointwise3x3_1,CPU,6079.454545454545,6206.545454545455,1.0209049854951104
cell_2/comb_iter_1/right/separable_depthwise3x3_2,CPU,3643.2727272727275,3712.0,1.0188641580996107
cell_2/comb_iter_1/right/separable_pointwise3x3_2,CPU,6046.090909090909,6962.545454545455,1.1515780293803661
cell_2/comb_iter_1/add,CPU,1374.3636363636363,1353.909090909091,0.985117078978701
cell_2/comb_iter_3/left/pooling/avgpool_3,OpenCL,4069.0,399.1818181818182,0.09810317478049108
cell_2/comb_iter_3/right/pooling/avgpool_3,OpenCL,4028.4545454545455,95.45454545454545,0.02369507819375804
cell_2/comb_iter_3/add,OpenCL,4150.090909090909,11559.90909090909,2.785459245142494
cell_1/cell_base/_reduce_prev_layer_relu,CPU,1488.090909090909,2087.2727272727275,1.402651353167573
cell_1/cell_base/_reduce_prev_layer_Conv1x1,CPU,9727.727272727272,11396.272727272728,1.1715246951077054
cell_1/comb_iter_0/right/bf_relu_0,CPU,986.1818181818181,1186.090909090909,1.2027101769911503
cell_1/comb_iter_0/right/separable_depthwise3x3_1,CPU,3593.0,4577.363636363636,1.2739670571565922
cell_1/comb_iter_0/right/separable_pointwise3x3_1,CPU,6122.909090909091,7122.454545454545,1.163246822663024
cell_1/comb_iter_0/right/separable_depthwise3x3_2,CPU,3534.3636363636365,5453.818181818182,1.5430834919491743
cell_1/comb_iter_0/right/separable_pointwise3x3_2,CPU,6094.090909090909,6640.727272727273,1.0896994107555755
cell_1/comb_iter_0/add,CPU,1229.909090909091,1352.0,1.099268238598566
cell_1/comb_iter_1/left/bf_relu_0,CPU,881.8181818181819,1088.4545454545455,1.2343298969072165
cell_1/comb_iter_1/left/separable_depthwise5x5_1,CPU,6169.0,6321.909090909091,1.024786690048483
cell_1/comb_iter_1/left/separable_pointwise5x5_1,CPU,6084.454545454545,6293.454545454545,1.0343498334055492
cell_1/comb_iter_1/left/separable_depthwise5x5_2,CPU,6203.727272727273,6345.545454545455,1.0228601573833913
cell_1/comb_iter_1/left/separable_pointwise5x5_2,CPU,6046.0,6261.0,1.0355607012901091
cell_1/comb_iter_1/right/bf_relu_0,CPU,988.5454545454545,1157.1818181818182,1.1705903991171602
cell_1/comb_iter_1/right/separable_depthwise3x3_1,CPU,3568.4545454545455,3727.5454545454545,1.0445825796754389
cell_1/comb_iter_1/right/separable_pointwise3x3_1,CPU,6159.272727272727,6256.181818181818,1.0157338528751918
cell_1/comb_iter_1/right/separable_depthwise3x3_2,CPU,3692.7272727272725,3650.3636363636365,0.9885278188084688
cell_1/comb_iter_1/right/separable_pointwise3x3_2,CPU,6101.636363636364,6250.272727272727,1.0243600822432133
cell_1/comb_iter_1/add,CPU,1293.6363636363637,1336.0,1.0327477160927616
cell_1/comb_iter_2/add,OpenCL,3672.5454545454545,6000.636363636364,1.6339175206693402
cell_1/comb_iter_3/left/pooling/avgpool_3,OpenCL,3908.5454545454545,245.63636363636363,0.06284597850862911
cell_1/comb_iter_3/right/pooling/avgpool_3,OpenCL,3849.090909090909,97.0,0.025200755786490316
cell_1/comb_iter_3/add,OpenCL,3730.3636363636365,12700.363636363636,3.4045913145196662
cell_1/cell_output/concat,CPU,4888.0,5501.818181818182,1.125576551108466
cell_2/cell_base/relu,CPU,4257.272727272727,4537.181818181818,1.0657484518471065
cell_2/cell_base/Conv1x1,CPU,30272.727272727272,30531.909090909092,1.0085615615615615
cell_2/comb_iter_0/left/bf_relu_0,CPU,1002.909090909091,2671.090909090909,2.6633430021754894
cell_2/comb_iter_0/left/separable_depthwise5x5_1,CPU,6264.545454545455,8997.636363636364,1.4362792047598316
cell_2/comb_iter_0/left/separable_pointwise5x5_1,CPU,6107.909090909091,8825.727272727272,1.4449670323127985
cell_2/comb_iter_0/left/separable_depthwise5x5_2,CPU,6179.636363636364,8070.181818181818,1.3059315052371425
cell_2/comb_iter_0/left/separable_pointwise5x5_2,CPU,6139.545454545455,7329.090909090909,1.1937513881690973
cell_2/comb_iter_0/add,CPU,1256.3636363636363,1434.4545454545455,1.1417510853835022
cell_2/comb_iter_2/left/pooling/avgpool_3,OpenCL,3994.4545454545455,7669.0,1.9199116957600308
cell_2/comb_iter_2/add,OpenCL,3721.2727272727275,4198.909090909091,1.1283529584208727
cell_2/comb_iter_4/left/bf_relu_0,OpenCL,2564.7272727272725,81.0,0.03158230540195662
cell_2/comb_iter_4/left/separable_depthwise3x3_1,OpenCL,4083.818181818182,310.72727272727275,0.07608744045233962
cell_2/comb_iter_4/left/separable_pointwise3x3_1,OpenCL,21900.090909090908,394.54545454545456,0.018015699395187237
cell_2/comb_iter_4/left/separable_depthwise3x3_2,OpenCL,4042.8181818181824,179.36363636363637,0.044365991320186184
cell_2/comb_iter_4/left/separable_pointwise3x3_2,OpenCL,21191.363636363636,53075.36363636364,2.5045751914373353
cell_2/comb_iter_4/add,OpenCL,3618.4545454545455,3891.181818181818,1.07537120317564
cell_2/cell_output/concat,CPU,4721.454545454545,7785.272727272727,1.6489140480591498
cell_3/cell_base/relu,CPU,4099.909090909091,7610.727272727273,1.8563161045699461
cell_3/cell_base/Conv1x1,CPU,29928.545454545456,32188.545454545456,1.0755131920270706
cell_3/comb_iter_0/left/bf_relu_0,CPU,965.4545454545455,2637.2727272727275,2.731638418079096
cell_3/comb_iter_0/left/separable_depthwise5x5_1,CPU,6228.818181818182,7866.727272727273,1.262956638498475
cell_3/comb_iter_0/left/separable_pointwise5x5_1,CPU,6085.090909090909,6758.363636363636,1.1106430022708258
cell_3/comb_iter_0/left/separable_depthwise5x5_2,CPU,6179.727272727273,6743.636363636364,1.091251452697236
cell_3/comb_iter_0/left/separable_pointwise5x5_2,CPU,6062.272727272727,6351.545454545455,1.047716877858589
cell_3/comb_iter_2/left/pooling/avgpool_3,OpenCL,3837.5454545454545,4611.272727272727,1.2016203539194086
cell_3/comb_iter_4/left/bf_relu_0,OpenCL,2574.909090909091,72.54545454545455,0.028173986725038836
cell_3/comb_iter_4/left/separable_depthwise3x3_1,OpenCL,3996.181818181818,1663.8181818181818,0.416351972337231
cell_3/comb_iter_4/left/separable_pointwise3x3_1,OpenCL,21691.545454545456,374.54545454545456,0.017266886554040746
cell_3/comb_iter_4/left/separable_depthwise3x3_2,OpenCL,4084.545454545455,158.0,0.03868239483641219
cell_3/comb_iter_4/left/separable_pointwise3x3_2,OpenCL,21232.81818181818,53162.72727272727,2.5037998638471324
cell_3/comb_iter_4/add,OpenCL,3519.3636363636365,3773.2727272727275,1.0721463074419446
cell_4/cell_base/_reduce_prev_layer_relu,CPU,3950.3636363636365,6196.363636363636,1.5685552538316379
cell_4/cell_base/_reduce_prev_layer_Conv1x1,CPU,29457.18181818182,32921.72727272727,1.1176129297069088
cell_4/comb_iter_0/right/bf_relu_0,CPU,1061.3636363636363,1234.7272727272727,1.1633404710920772
cell_4/comb_iter_0/right/separable_depthwise3x3_1,CPU,3573.0,5519.454545454545,1.544767574994275
cell_4/comb_iter_0/right/separable_pointwise3x3_1,CPU,6062.363636363636,7365.454545454545,1.2149476651770987
cell_4/comb_iter_0/right/separable_depthwise3x3_2,CPU,3581.181818181818,3767.818181818182,1.0521158581473866
cell_4/comb_iter_0/right/separable_pointwise3x3_2,CPU,6010.636363636364,6211.454545454545,1.0334104693195394
cell_4/comb_iter_1/left/bf_relu_0,CPU,988.9090909090909,1121.1818181818182,1.1337562051847767
cell_4/comb_iter_1/left/separable_depthwise5x5_1,CPU,6265.909090909091,6254.909090909091,0.9982444686253173
cell_4/comb_iter_1/left/separable_pointwise5x5_1,CPU,6068.636363636364,6238.909090909091,1.028057823384016
cell_4/comb_iter_1/left/separable_depthwise5x5_2,CPU,6134.818181818182,6337.363636363636,1.0330157224782537
cell_4/comb_iter_1/left/separable_pointwise5x5_2,CPU,6104.181818181818,6263.454545454545,1.026092395675096
cell_4/comb_iter_1/right/bf_relu_0,CPU,1007.9,1132.8181818181818,1.1239390632187536
cell_4/comb_iter_1/right/separable_depthwise3x3_1,CPU,3562.6363636363635,3865.7272727272725,1.085074893465003
cell_4/comb_iter_1/right/separable_pointwise3x3_1,CPU,6114.909090909091,6271.090909090909,1.025541151284491
cell_4/comb_iter_1/right/separable_depthwise3x3_2,CPU,3645.5454545454545,3682.4545454545455,1.010124435799606
cell_4/comb_iter_1/right/separable_pointwise3x3_2,CPU,6183.181818181818,7124.181818181818,1.1521870175696538
cell_4/comb_iter_1/add,CPU,1380.8181818181818,1436.2727272727273,1.0401606425702812
cell_4/comb_iter_3/left/pooling/avgpool_3,OpenCL,4007.6363636363635,341.45454545454544,0.08520097994737319
cell_4/comb_iter_3/right/pooling/avgpool_3,OpenCL,4054.818181818182,93.0,0.022935676972400957
cell_4/comb_iter_3/add,OpenCL,4344.909090909091,11474.636363636364,2.6409381930786293
cell_3/cell_base/_reduce_prev_layer_relu,CPU,4573.181818181818,5173.363636363636,1.1312394394195409
cell_3/cell_base/_reduce_prev_layer_Conv1x1,CPU,29660.272727272728,33901.818181818184,1.1430042634316488
cell_3/comb_iter_0/right/bf_relu_0,CPU,985.7272727272727,1125.5454545454545,1.1418426634695193
cell_3/comb_iter_0/right/separable_depthwise3x3_1,CPU,3559.4545454545455,3718.7272727272725,1.0447463860652806
cell_3/comb_iter_0/right/separable_pointwise3x3_1,CPU,6070.545454545455,6444.909090909091,1.061668863064574
cell_3/comb_iter_0/right/separable_depthwise3x3_2,CPU,3588.3636363636365,3921.4545454545455,1.0928252938792056
cell_3/comb_iter_0/right/separable_pointwise3x3_2,CPU,6120.363636363636,6322.454545454545,1.0330194284356247
cell_3/comb_iter_0/add,CPU,1187.7272727272727,1332.1818181818182,1.1216226559510143
cell_3/comb_iter_1/left/bf_relu_0,CPU,935.4545454545455,1088.4545454545455,1.1635568513119534
cell_3/comb_iter_1/left/separable_depthwise5x5_1,CPU,6214.545454545455,6302.818181818182,1.0142042129900526
cell_3/comb_iter_1/left/separable_pointwise5x5_1,CPU,6110.181818181818,6240.090909090909,1.0212610843301793
cell_3/comb_iter_1/left/separable_depthwise5x5_2,CPU,6189.636363636364,6435.090909090909,1.03965572951855
cell_3/comb_iter_1/left/separable_pointwise5x5_2,CPU,6055.545454545455,6233.363636363636,1.029364519373677
cell_3/comb_iter_1/right/bf_relu_0,CPU,935.7272727272727,1153.2727272727273,1.2324880987078597
cell_3/comb_iter_1/right/separable_depthwise3x3_1,CPU,3584.4545454545455,3837.090909090909,1.0704811179588627
cell_3/comb_iter_1/right/separable_pointwise3x3_1,CPU,6113.272727272727,6240.272727272727,1.0207744698569432
cell_3/comb_iter_1/right/separable_depthwise3x3_2,CPU,3732.2727272727275,3719.6363636363635,0.9966142978930702
cell_3/comb_iter_1/right/separable_pointwise3x3_2,CPU,6128.181818181818,6316.181818181818,1.0306779409583149
cell_3/comb_iter_1/add,CPU,1272.3636363636363,1400.090909090909,1.1003858245212919
cell_3/comb_iter_2/add,OpenCL,3732.090909090909,4391.545454545455,1.1766984142450005
cell_3/comb_iter_3/left/pooling/avgpool_3,OpenCL,4005.454545454546,458.27272727272725,0.11441216522923285
cell_3/comb_iter_3/right/pooling/avgpool_3,OpenCL,4358.454545454545,94.36363636363636,0.02165071021838433
cell_3/comb_iter_3/add,OpenCL,3771.7272727272725,14209.90909090909,3.76748053700981
cell_3/cell_output/concat,CPU,4943.818181818182,5442.090909090909,1.1007870251186054
cell_4/cell_base/relu,CPU,4188.636363636364,4406.0,1.0518936516549104
cell_4/cell_base/Conv1x1,CPU,29383.81818181818,30003.0,1.0210722042435232
cell_4/comb_iter_0/left/bf_relu_0,CPU,956.4,1360.8181818181818,1.4228546443101022
cell_4/comb_iter_0/left/separable_depthwise5x5_1,CPU,6169.454545454545,7599.636363636364,1.231816574325121
cell_4/comb_iter_0/left/separable_pointwise5x5_1,CPU,6067.181818181818,8169.454545454545,1.3464990485323425
cell_4/comb_iter_0/left/separable_depthwise5x5_2,CPU,6241.090909090909,7442.454545454545,1.1924925712288061
cell_4/comb_iter_0/left/separable_pointwise5x5_2,CPU,6115.545454545455,6425.454545454545,1.050675625455248
cell_4/comb_iter_0/add,CPU,1306.909090909091,1403.3636363636363,1.0738035614913743
cell_4/comb_iter_2/left/pooling/avgpool_3,OpenCL,3905.7272727272725,7645.727272727273,1.9575681400274656
cell_4/comb_iter_2/add,OpenCL,3685.818181818182,4116.727272727273,1.1169100236779794
cell_4/comb_iter_4/left/bf_relu_0,OpenCL,2673.3636363636365,75.45454545454545,0.028224572380725677
cell_4/comb_iter_4/left/separable_depthwise3x3_1,OpenCL,4090.545454545454,299.54545454545456,0.07322873144279493
cell_4/comb_iter_4/left/separable_pointwise3x3_1,OpenCL,21808.545454545456,394.45454545454544,0.01808715516019575
cell_4/comb_iter_4/left/separable_depthwise3x3_2,OpenCL,4042.909090909091,160.0,0.03957546321280806
cell_4/comb_iter_4/left/separable_pointwise3x3_2,OpenCL,21248.090909090908,51637.36363636364,2.43021191208622
cell_4/comb_iter_4/add,OpenCL,3744.7272727272725,3493.5454545454545,0.9329238687123714
cell_4/cell_output/concat,CPU,4992.181818181818,6365.909090909091,1.275175729322213
cell_5/cell_base/relu,CPU,4469.181818181818,5026.090909090909,1.12461097211204
cell_5/cell_base/Conv1x1,CPU,29516.727272727272,51228.454545454544,1.7355736654716587
cell_5/comb_iter_0/left/bf_relu_0,CPU,955.3,1550.909090909091,1.6234785835958243
cell_5/comb_iter_0/left/separable_depthwise5x5_1,CPU,6199.0,9801.454545454546,1.581134787135755
cell_5/comb_iter_0/left/separable_pointwise5x5_1,CPU,6187.545454545455,12658.818181818182,2.0458545759076148
cell_5/comb_iter_0/left/separable_depthwise5x5_2,CPU,6266.3,10261.363636363636,1.6375474580475935
cell_5/comb_iter_0/left/separable_pointwise5x5_2,CPU,6033.272727272727,8725.818181818182,1.446282735135461
cell_5/comb_iter_2/left/pooling/avgpool_3,OpenCL,4028.6363636363635,4638.363636363636,1.1513483019293693
cell_5/comb_iter_4/left/bf_relu_0,OpenCL,2854.909090909091,104.45454545454545,0.036587695834925486
cell_5/comb_iter_4/left/separable_depthwise3x3_1,OpenCL,4040.3636363636365,1394.0,0.34501845018450183
cell_5/comb_iter_4/left/separable_pointwise3x3_1,OpenCL,21340.727272727272,450.72727272727275,0.02112052072861111
cell_5/comb_iter_4/left/separable_depthwise3x3_2,OpenCL,4094.636363636363,187.27272727272728,0.04573610710241781
cell_5/comb_iter_4/left/separable_pointwise3x3_2,OpenCL,21222.272727272728,52865.181818181816,2.4910235815716764
cell_5/comb_iter_4/add,OpenCL,3567.0,3819.181818181818,1.0706985753243112
reduction_cell_0/cell_base/_reduce_prev_layer_relu,CPU,4084.818181818182,7181.272727272727,1.7580397480693475
reduction_cell_0/cell_base/_reduce_prev_layer_Conv1x1,CPU,46828.5,53475.181818181816,1.1419366799744133
reduction_cell_0/comb_iter_0/right/bf_relu_0,CPU,1714.8181818181818,2480.181818181818,1.4463234904310025
reduction_cell_0/comb_iter_0/right/separable_depthwise7x7_1,CPU,19165.18181818182,21456.636363636364,1.1195634128177518
reduction_cell_0/comb_iter_0/right/separable_pointwise7x7_1,CPU,4424.3,5381.181818181818,1.2162786922635938
reduction_cell_0/comb_iter_0/right/separable_depthwise7x7_2,CPU,16064.636363636364,16412.0,1.0216228757689108
reduction_cell_0/comb_iter_0/right/separable_pointwise7x7_2,CPU,4471.545454545455,4849.727272727273,1.0845751926321996
reduction_cell_0/comb_iter_1/right/bf_relu_0,OpenCL,3876.5454545454545,328.54545454545456,0.08475212232071667
reduction_cell_0/comb_iter_1/right/separable_depthwise7x7_1,OpenCL,23623.18181818182,612.8181818181819,0.025941390390794867
reduction_cell_0/comb_iter_1/right/separable_pointwise7x7_1,OpenCL,21746.81818181818,560.0,0.025750893547645426
reduction_cell_0/comb_iter_1/right/separable_depthwise7x7_2,OpenCL,16279.90909090909,273.1818181818182,0.016780303664862994
reduction_cell_0/comb_iter_1/right/separable_pointwise7x7_2,OpenCL,22006.363636363636,344.09090909090907,0.01563597306564217
reduction_cell_0/comb_iter_2/right/bf_relu_0,CPU,1683.1818181818182,2022.1818181818182,1.2014042668106941
reduction_cell_0/comb_iter_2/right/separable_depthwise5x5_1,CPU,12291.454545454546,14794.272727272728,1.2036226202979157
reduction_cell_0/comb_iter_2/right/separable_pointwise5x5_1,CPU,4394.727272727273,5120.454545454545,1.1651359066650115
reduction_cell_0/comb_iter_2/right/separable_depthwise5x5_2,CPU,3315.3636363636365,3442.5454545454545,1.038361347994187
reduction_cell_0/comb_iter_2/right/separable_pointwise5x5_2,CPU,4445.363636363636,4571.363636363636,1.028344137916931
cell_6/cell_base/_reduce_prev_layer_relue,OpenCL,3827.4545454545455,60.18181818181818,0.015723718588190584
cell_6/cell_base/_reduce_prev_layer_prev_1x1_path1_pooling,OpenCL,1374.3636363636363,84.45454545454545,0.061449927239052786
cell_6/cell_base/_reduce_prev_layer_prev_1x1_path1_conv,OpenCL,12168.09090909091,281.3636363636364,0.023123071520892945
cell_6/cell_base/_reduce_prev_layer_prev_1x1_path2_pooling,OpenCL,1382.090909090909,62.63636363636363,0.04532000263105966
cell_6/cell_base/_reduce_prev_layer_prev_1x1_path2_conv,OpenCL,12132.272727272728,263.72727272727275,0.021737664381252107
cell_6/cell_base/_reduce_prev_layer_prev_1x1_concat,OpenCL,1288.875,115083.54545454546,89.2899198561113
cell_6/comb_iter_0/right/bf_relu_0,CPU,651.0,930.6363636363636,1.429548945677978
cell_6/comb_iter_0/right/separable_depthwise3x3_1,CPU,1951.7,2700.818181818182,1.383828550401282
cell_6/comb_iter_0/right/separable_pointwise3x3_1,CPU,4395.363636363636,5684.909090909091,1.2933876605514076
cell_6/comb_iter_0/right/separable_depthwise3x3_2,CPU,1845.3636363636363,2506.181818181818,1.3580964579535937
cell_6/comb_iter_0/right/separable_pointwise3x3_2,CPU,4442.363636363636,5465.454545454545,1.2303032783530472
cell_6/comb_iter_1/left/bf_relu_0,CPU,720.9090909090909,911.7272727272727,1.26469104665826
cell_6/comb_iter_1/left/separable_depthwise5x5_1,CPU,3463.909090909091,3643.181818181818,1.0517544550297877
cell_6/comb_iter_1/left/separable_pointwise5x5_1,CPU,4450.7,4660.909090909091,1.047230568429481
cell_6/comb_iter_1/left/separable_depthwise5x5_2,CPU,3405.909090909091,3440.4545454545455,1.0101427999466168
cell_6/comb_iter_1/left/separable_pointwise5x5_2,CPU,4442.0,4572.272727272727,1.0293274937579304
cell_6/comb_iter_1/right/bf_relu_0,CPU,758.0,828.3636363636364,1.092828016310866
cell_6/comb_iter_1/right/separable_depthwise3x3_1,CPU,1967.1818181818182,2100.3636363636365,1.0677018346503997
cell_6/comb_iter_1/right/separable_pointwise3x3_1,CPU,4463.181818181818,4589.636363636364,1.0283328241165088
cell_6/comb_iter_1/right/separable_depthwise3x3_2,CPU,1827.5454545454545,1960.7272727272727,1.0728746953191066
cell_6/comb_iter_1/right/separable_pointwise3x3_2,CPU,4446.181818181818,4600.727272727273,1.034759139609062
cell_6/comb_iter_1/add,CPU,757.8181818181819,810.9090909090909,1.0700575815738962
cell_6/comb_iter_3/left/pooling/avgpool_3,OpenCL,2330.909090909091,210.0,0.09009360374414976
cell_6/comb_iter_3/right/pooling/avgpool_3,OpenCL,2345.181818181818,76.45454545454545,0.0326006900027135
cell_6/comb_iter_3/add,OpenCL,1397.090909090909,4039.181818181818,2.8911374284226965
cell_5/cell_base/_reduce_prev_layer_relu,CPU,4143.636363636364,4630.272727272727,1.1174418604651162
cell_5/cell_base/_reduce_prev_layer_Conv1x1,CPU,29582.363636363636,33299.0,1.125636896676767
cell_5/comb_iter_0/right/bf_relu_0,CPU,951.7272727272727,1092.090909090909,1.1474830451810105
cell_5/comb_iter_0/right/separable_depthwise3x3_1,CPU,3605.3636363636365,3758.5454545454545,1.0424872034090622
cell_5/comb_iter_0/right/separable_pointwise3x3_1,CPU,6104.909090909091,8025.272727272727,1.3145605622896626
cell_5/comb_iter_0/right/separable_depthwise3x3_2,CPU,3554.3636363636365,5177.181818181818,1.4565706685763977
cell_5/comb_iter_0/right/separable_pointwise3x3_2,CPU,6039.545454545455,9322.545454545454,1.5435839542409873
cell_5/comb_iter_0/add,CPU,1193.909090909091,1327.1818181818182,1.1116271986598645
cell_5/comb_iter_1/left/bf_relu_0,CPU,911.8181818181819,1066.3636363636363,1.1694915254237286
cell_5/comb_iter_1/left/separable_depthwise5x5_1,CPU,6189.636363636364,9245.0,1.4936257086625737
cell_5/comb_iter_1/left/separable_pointwise5x5_1,CPU,6060.0,6304.727272727273,1.0403840384038405
cell_5/comb_iter_1/left/separable_depthwise5x5_2,CPU,6249.545454545455,6565.272727272727,1.0505200378209323
cell_5/comb_iter_1/left/separable_pointwise5x5_2,CPU,6135.272727272727,6358.636363636364,1.0364064722617354
cell_5/comb_iter_1/right/bf_relu_0,CPU,929.9090909090909,1131.2727272727273,1.2165412063740346
cell_5/comb_iter_1/right/separable_depthwise3x3_1,CPU,3589.2727272727275,3724.5454545454545,1.037688060381946
cell_5/comb_iter_1/right/separable_pointwise3x3_1,CPU,6117.0,6435.0,1.0519862677783227
cell_5/comb_iter_1/right/separable_depthwise3x3_2,CPU,3606.181818181818,3662.3636363636365,1.015579308258546
cell_5/comb_iter_1/right/separable_pointwise3x3_2,CPU,6074.454545454545,6304.727272727273,1.037908379353178
cell_5/comb_iter_1/add,CPU,1274.8181818181818,1335.7272727272727,1.047778649361763
cell_5/comb_iter_2/add,OpenCL,3838.6363636363635,4023.2727272727275,1.0480994671403199
cell_5/comb_iter_3/left/pooling/avgpool_3,OpenCL,4094.818181818182,127.18181818181819,0.031059210088138
cell_5/comb_iter_3/right/pooling/avgpool_3,OpenCL,4083.7272727272725,77.0909090909091,0.018877585093831393
cell_5/comb_iter_3/add,OpenCL,3896.909090909091,10646.818181818182,2.732118695469603
cell_5/cell_output/concat,CPU,5286.272727272727,5487.818181818182,1.0381261930557706
reduction_cell_0/cell_base/relu,CPU,4195.545454545455,4626.454545454545,1.1027063335572358
reduction_cell_0/cell_base/Conv1x1,CPU,46995.36363636364,47826.0,1.017674857674548
reduction_cell_0/comb_iter_0/left/bf_relu_0,CPU,1800.0,2230.6363636363635,1.2392424242424243
reduction_cell_0/comb_iter_0/left/separable_depthwise5x5_1,CPU,12372.272727272728,13320.454545454546,1.076637642823028
reduction_cell_0/comb_iter_0/left/separable_pointwise5x5_1,CPU,4450.363636363636,4638.181818181818,1.0422028843404012
reduction_cell_0/comb_iter_0/left/separable_depthwise5x5_2,CPU,3362.6363636363635,3524.909090909091,1.0482575900943525
reduction_cell_0/comb_iter_0/left/separable_pointwise5x5_2,CPU,4357.6,4576.818181818182,1.0503070914765424
reduction_cell_0/comb_iter_0/add,CPU,802.2,887.0909090909091,1.1058226241472315
reduction_cell_0/comb_iter_3/right/pooling/avgpool_3,OpenCL,2202.2727272727275,385.1818181818182,0.17490196078431372
reduction_cell_0/comb_iter_4/left/bf_relu_0,CPU,696.2727272727273,705.8181818181819,1.0137093615354487
reduction_cell_0/comb_iter_4/left/separable_depthwise3x3_1,CPU,1963.4,2578.2727272727275,1.3131673256966117
reduction_cell_0/comb_iter_4/left/separable_pointwise3x3_1,CPU,4515.818181818182,4775.545454545455,1.057514997785562
reduction_cell_0/comb_iter_4/left/separable_depthwise3x3_2,CPU,1815.7272727272727,1886.2727272727273,1.0388524508085917
reduction_cell_0/comb_iter_4/left/separable_pointwise3x3_2,CPU,4393.272727272727,4554.0,1.036584861151347
reduction_cell_0/comb_iter_1/left/pooling/maxpool_3,OpenCL,3364.3636363636365,440.45454545454544,0.13091763942931256
reduction_cell_0/comb_iter_1/add,OpenCL,1283.5555555555557,7302.0,5.688885041551246
reduction_cell_0/comb_iter_3/add,OpenCL,1340.909090909091,2522.818181818182,1.8814237288135593
reduction_cell_0/comb_iter_2/left/pooling/avgpool_3,CPU,2854.7272727272725,2914.3636363636365,1.020890389147188
reduction_cell_0/comb_iter_2/add,CPU,704.1818181818181,778.4545454545455,1.105473792925381
reduction_cell_0/comb_iter_4/right/pooling/maxpool_3,CPU,4259.272727272727,4330.181818181818,1.0166481687014428
reduction_cell_0/comb_iter_4/add,CPU,715.9090909090909,818.6363636363636,1.1434920634920636
reduction_cell_0/cell_output/concat,OpenCL,1839.1818181818182,2583.3636363636365,1.4046265631950967
cell_6/cell_base/relu,CPU,1701.090909090909,1659.6363636363637,0.9756306113723815
cell_6/cell_base/Conv1x1,CPU,15012.818181818182,15154.0,1.0094040849940353
cell_6/comb_iter_0/left/bf_relu_0,CPU,636.5454545454545,715.9090909090909,1.1246786632390746
cell_6/comb_iter_0/left/separable_depthwise5x5_1,CPU,3520.0,3793.6363636363635,1.077737603305785
cell_6/comb_iter_0/left/separable_pointwise5x5_1,CPU,4419.090909090909,4590.454545454545,1.0387780292120963
cell_6/comb_iter_0/left/separable_depthwise5x5_2,CPU,3359.6363636363635,3420.3636363636365,1.0180755493018725
cell_6/comb_iter_0/left/separable_pointwise5x5_2,CPU,4527.0,4611.454545454545,1.0186557423137939
cell_6/comb_iter_0/add,CPU,748.2727272727273,899.0,1.2014336046652898
cell_6/comb_iter_2/left/pooling/avgpool_3,OpenCL,2268.181818181818,354.8181818181818,0.15643286573146292
cell_6/comb_iter_2/add,OpenCL,1381.090909090909,2391.5454545454545,1.7316350710900474
cell_6/comb_iter_4/left/bf_relu_0,CPU,457.1818181818182,736.0909090909091,1.610061642473653
cell_6/comb_iter_4/left/separable_depthwise3x3_1,CPU,1917.4545454545455,2020.6363636363637,1.0538118717997345
cell_6/comb_iter_4/left/separable_pointwise3x3_1,CPU,4418.909090909091,4647.0,1.0516170177748518
cell_6/comb_iter_4/left/separable_depthwise3x3_2,CPU,1822.1818181818182,1922.090909090909,1.0548293753741766
cell_6/comb_iter_4/left/separable_pointwise3x3_2,CPU,4481.090909090909,4588.454545454545,1.0239592631664367
cell_6/comb_iter_4/add,CPU,721.6363636363636,904.8181818181819,1.2538422776518015
cell_6/cell_output/concat,OpenCL,2478.0,3324.909090909091,1.3417712231271555
cell_7/cell_base/relu,CPU,2362.6363636363635,3525.2727272727275,1.4920928084959022
cell_7/cell_base/Conv1x1,CPU,22144.363636363636,22453.090909090908,1.0139415734765258
cell_7/comb_iter_0/left/bf_relu_0,CPU,655.2727272727273,732.6363636363636,1.1180632630410654
cell_7/comb_iter_0/left/separable_depthwise5x5_1,CPU,3500.181818181818,4383.454545454545,1.252350527245338
cell_7/comb_iter_0/left/separable_pointwise5x5_1,CPU,4404.272727272727,5517.454545454545,1.2527504283030941
cell_7/comb_iter_0/left/separable_depthwise5x5_2,CPU,3336.818181818182,3455.4545454545455,1.0355537392725787
cell_7/comb_iter_0/left/separable_pointwise5x5_2,CPU,4424.909090909091,4535.727272727273,1.0250441714262235
cell_7/comb_iter_2/left/pooling/avgpool_3,OpenCL,2350.818181818182,2199.6363636363635,0.9356897018446187
cell_7/comb_iter_4/left/bf_relu_0,OpenCL,1265.4545454545455,71.81818181818181,0.056752873563218384
cell_7/comb_iter_4/left/separable_depthwise3x3_1,OpenCL,3595.5454545454545,357.72727272727275,0.09949179540340321
cell_7/comb_iter_4/left/separable_pointwise3x3_1,OpenCL,21881.272727272728,301.90909090909093,0.013797601934406342
cell_7/comb_iter_4/left/separable_depthwise3x3_2,OpenCL,3688.818181818182,146.63636363636363,0.03975158340932055
cell_7/comb_iter_4/left/separable_pointwise3x3_2,OpenCL,21918.727272727272,50863.09090909091,2.320531218634128
cell_7/comb_iter_4/add,OpenCL,1424.1818181818182,1179.909090909091,0.8284820630665135
cell_8/cell_base/_reduce_prev_layer_relu,CPU,2143.5454545454545,2843.0,1.3263073073497604
cell_8/cell_base/_reduce_prev_layer_Conv1x1,CPU,22029.0,26289.545454545456,1.1934062124719895
cell_8/comb_iter_0/right/bf_relu_0,CPU,655.9090909090909,695.5454545454545,1.0604296604296604
cell_8/comb_iter_0/right/separable_depthwise3x3_1,CPU,1952.0,2122.3636363636365,1.0872764530551415
cell_8/comb_iter_0/right/separable_pointwise3x3_1,CPU,4444.727272727273,5075.636363636364,1.1419455125582918
cell_8/comb_iter_0/right/separable_depthwise3x3_2,CPU,1748.8181818181818,2213.818181818182,1.265893850392473
cell_8/comb_iter_0/right/separable_pointwise3x3_2,CPU,4413.727272727273,4902.454545454545,1.1107289242240117
cell_8/comb_iter_1/left/bf_relu_0,CPU,784.9090909090909,809.4545454545455,1.0312717164697707
cell_8/comb_iter_1/left/separable_depthwise5x5_1,CPU,3434.090909090909,3539.4545454545455,1.030681667769689
cell_8/comb_iter_1/left/separable_pointwise5x5_1,CPU,4519.454545454545,4607.545454545455,1.01949149133041
cell_8/comb_iter_1/left/separable_depthwise5x5_2,CPU,3385.4545454545455,3420.2727272727275,1.0102846401718584
cell_8/comb_iter_1/left/separable_pointwise5x5_2,CPU,4475.909090909091,4528.272727272727,1.01169899461765
cell_8/comb_iter_1/right/bf_relu_0,CPU,794.2,876.1818181818181,1.1032256587532336
cell_8/comb_iter_1/right/separable_depthwise3x3_1,CPU,1909.6363636363637,2055.2727272727275,1.0762639245929735
cell_8/comb_iter_1/right/separable_pointwise3x3_1,CPU,4519.090909090909,4594.727272727273,1.0167370750352043
cell_8/comb_iter_1/right/separable_depthwise3x3_2,CPU,1850.5454545454545,1892.1818181818182,1.0224995087443507
cell_8/comb_iter_1/right/separable_pointwise3x3_2,CPU,4514.363636363636,4539.636363636364,1.0055982923194653
cell_8/comb_iter_1/add,CPU,776.3636363636364,934.4545454545455,1.2036299765807963
cell_8/comb_iter_3/left/pooling/avgpool_3,OpenCL,2255.090909090909,143.45454545454547,0.06361364186084013
cell_8/comb_iter_3/right/pooling/avgpool_3,OpenCL,2287.3636363636365,80.0909090909091,0.03501450657764
cell_8/comb_iter_3/add,OpenCL,1399.909090909091,3940.4545454545455,2.8147931683875576
cell_7/cell_base/_reduce_prev_layer_relu,CPU,1753.3636363636363,2588.909090909091,1.4765386011302952
cell_7/cell_base/_reduce_prev_layer_Conv1x1,CPU,15105.454545454546,15300.272727272728,1.012897207510833
cell_7/comb_iter_0/right/bf_relu_0,CPU,588.4,807.4545454545455,1.3722884864965084
cell_7/comb_iter_0/right/separable_depthwise3x3_1,CPU,1958.5454545454545,2073.818181818182,1.058856294095804
cell_7/comb_iter_0/right/separable_pointwise3x3_1,CPU,4387.181818181818,4602.454545454545,1.049068567521084
cell_7/comb_iter_0/right/separable_depthwise3x3_2,CPU,1826.090909090909,1899.8181818181818,1.0403743714840443
cell_7/comb_iter_0/right/separable_pointwise3x3_2,CPU,4472.727272727273,4615.090909090909,1.0318292682926828
cell_7/comb_iter_0/add,CPU,749.1818181818181,816.7272727272727,1.0901589612911056
cell_7/comb_iter_1/left/bf_relu_0,CPU,541.75,695.1818181818181,1.283215169694173
cell_7/comb_iter_1/left/separable_depthwise5x5_1,CPU,3452.0,3555.090909090909,1.0298641103971347
cell_7/comb_iter_1/left/separable_pointwise5x5_1,CPU,4417.545454545455,4625.090909090909,1.0469820756075976
cell_7/comb_iter_1/left/separable_depthwise5x5_2,CPU,3386.7272727272725,3399.090909090909,1.0036506146990927
cell_7/comb_iter_1/left/separable_pointwise5x5_2,CPU,4403.272727272727,4662.181818181818,1.0587992402345363
cell_7/comb_iter_1/right/bf_relu_0,CPU,723.3636363636364,796.4545454545455,1.1010431066985045
cell_7/comb_iter_1/right/separable_depthwise3x3_1,CPU,1925.090909090909,1991.7272727272727,1.0346146581035134
cell_7/comb_iter_1/right/separable_pointwise3x3_1,CPU,4432.454545454545,4750.545454545455,1.07176405439219
cell_7/comb_iter_1/right/separable_depthwise3x3_2,CPU,1813.4545454545455,2213.0,1.2203228393823942
cell_7/comb_iter_1/right/separable_pointwise3x3_2,CPU,4449.0,4729.363636363636,1.0630172255256543
cell_7/comb_iter_1/add,CPU,751.2727272727273,828.0909090909091,1.1022507260406584
cell_7/comb_iter_2/add,OpenCL,1340.4,1022.7272727272727,0.7630015463498006
cell_7/comb_iter_3/left/pooling/avgpool_3,OpenCL,2329.3636363636365,399.54545454545456,0.1715255824844866
cell_7/comb_iter_3/right/pooling/avgpool_3,OpenCL,2295.5,86.9090909090909,0.037860636423041126
cell_7/comb_iter_3/add,OpenCL,1424.2727272727273,4044.6363636363635,2.839790642752282
cell_7/cell_output/concat,OpenCL,2585.4545454545455,5402.636363636364,2.0896272855133615
cell_8/cell_base/relu,CPU,2400.7272727272725,2433.4545454545455,1.0136322326567708
cell_8/cell_base/Conv1x1,CPU,22024.0,23013.363636363636,1.04492206848727
cell_8/comb_iter_0/left/bf_relu_0,CPU,624.3636363636364,792.2727272727273,1.2689283634245776
cell_8/comb_iter_0/left/separable_depthwise5x5_1,CPU,3519.3636363636365,8281.454545454546,2.353111357941777
cell_8/comb_iter_0/left/separable_pointwise5x5_1,CPU,4456.363636363636,11023.363636363636,2.473623011015912
cell_8/comb_iter_0/left/separable_depthwise5x5_2,CPU,3368.5454545454545,5243.090909090909,1.5564851298105469
cell_8/comb_iter_0/left/separable_pointwise5x5_2,CPU,4457.454545454545,8804.636363636364,1.9752610540055477
cell_8/comb_iter_0/add,CPU,777.2,941.4545454545455,1.2113414120619472
cell_8/comb_iter_2/left/pooling/avgpool_3,OpenCL,2313.909090909091,3110.7272727272725,1.34436019329745
cell_8/comb_iter_2/add,OpenCL,1478.3636363636363,2150.4545454545455,1.454618128151519
cell_8/comb_iter_4/left/bf_relu_0,OpenCL,1274.909090909091,192.36363636363637,0.1508841985168283
cell_8/comb_iter_4/left/separable_depthwise3x3_1,OpenCL,3706.4545454545455,330.1818181818182,0.08908292658997817
cell_8/comb_iter_4/left/separable_pointwise3x3_1,OpenCL,21900.090909090908,330.0,0.015068430600122043
cell_8/comb_iter_4/left/separable_depthwise3x3_2,OpenCL,3594.2727272727275,135.27272727272728,0.03763563244555733
cell_8/comb_iter_4/left/separable_pointwise3x3_2,OpenCL,21865.18181818182,50423.27272727273,2.3060989451889053
cell_8/comb_iter_4/add,OpenCL,1435.6363636363637,1195.7272727272727,0.8328900709219857
cell_8/cell_output/concat,CPU,2635.0,4253.909090909091,1.614386751768156
cell_9/cell_base/relu,CPU,2327.6363636363635,2366.818181818182,1.0168333072957352
cell_9/cell_base/Conv1x1,CPU,22032.0,24461.18181818182,1.110256981580511
cell_9/comb_iter_0/left/bf_relu_0,CPU,660.0,833.3636363636364,1.26267217630854
cell_9/comb_iter_0/left/separable_depthwise5x5_1,CPU,3466.909090909091,4453.818181818182,1.2846654080134257
cell_9/comb_iter_0/left/separable_pointwise5x5_1,CPU,4454.727272727273,5555.818181818182,1.2471735847516427
cell_9/comb_iter_0/left/separable_depthwise5x5_2,CPU,3344.818181818182,3478.0,1.0398173565623896
cell_9/comb_iter_0/left/separable_pointwise5x5_2,CPU,4423.636363636364,4582.909090909091,1.0360049321824907
cell_9/comb_iter_2/left/pooling/avgpool_3,OpenCL,2368.3636363636365,2532.6363636363635,1.0693612774451098
cell_9/comb_iter_4/left/bf_relu_0,OpenCL,1201.4545454545455,75.0,0.062424334140435835
cell_9/comb_iter_4/left/separable_depthwise3x3_1,OpenCL,3647.6363636363635,519.0909090909091,0.1423088425879773
cell_9/comb_iter_4/left/separable_pointwise3x3_1,OpenCL,21933.545454545456,324.90909090909093,0.014813341125465767
cell_9/comb_iter_4/left/separable_depthwise3x3_2,OpenCL,3667.818181818182,133.0909090909091,0.0362861250185892
cell_9/comb_iter_4/left/separable_pointwise3x3_2,OpenCL,21834.18181818182,51495.72727272727,2.358491273066418
cell_9/comb_iter_4/add,OpenCL,1369.2727272727273,1184.2727272727273,0.8648917806400213
cell_10/cell_base/_reduce_prev_layer_relu,CPU,2434.6363636363635,2772.6363636363635,1.1388297673723908
cell_10/cell_base/_reduce_prev_layer_Conv1x1,CPU,22040.636363636364,26530.0,1.2036857539998433
cell_10/comb_iter_0/right/bf_relu_0,CPU,640.9090909090909,749.4545454545455,1.1693617021276597
cell_10/comb_iter_0/right/separable_depthwise3x3_1,CPU,1902.8181818181818,2139.5454545454545,1.1244087716783717
cell_10/comb_iter_0/right/separable_pointwise3x3_1,CPU,4466.545454545455,5242.0,1.1736139379630381
cell_10/comb_iter_0/right/separable_depthwise3x3_2,CPU,1878.8181818181818,2408.818181818182,1.2820922243189627
cell_10/comb_iter_0/right/separable_pointwise3x3_2,CPU,4406.909090909091,4859.363636363636,1.102669362158594
cell_10/comb_iter_1/left/bf_relu_0,CPU,751.4545454545455,891.5454545454545,1.186426324703605
cell_10/comb_iter_1/left/separable_depthwise5x5_1,CPU,3464.5454545454545,3593.6363636363635,1.0372605615324062
cell_10/comb_iter_1/left/separable_pointwise5x5_1,CPU,4471.0,4692.454545454545,1.0495313230719179
cell_10/comb_iter_1/left/separable_depthwise5x5_2,CPU,3334.4,3442.7272727272725,1.0324877857267492
cell_10/comb_iter_1/left/separable_pointwise5x5_2,CPU,4537.454545454545,4598.727272727273,1.0135037666292677
cell_10/comb_iter_1/right/bf_relu_0,CPU,724.8181818181819,817.7272727272727,1.128182616330114
cell_10/comb_iter_1/right/separable_depthwise3x3_1,CPU,1912.1,2039.8181818181818,1.066794718800367
cell_10/comb_iter_1/right/separable_pointwise3x3_1,CPU,4508.454545454545,4713.272727272727,1.0454297985602807
cell_10/comb_iter_1/right/separable_depthwise3x3_2,CPU,1876.5,1933.0,1.0301092459365842
cell_10/comb_iter_1/right/separable_pointwise3x3_2,CPU,4441.909090909091,4622.0,1.0405435828165612
cell_10/comb_iter_1/add,CPU,738.9090909090909,888.4545454545455,1.2023868110236222
cell_10/comb_iter_3/left/pooling/avgpool_3,OpenCL,2344.181818181818,145.0909090909091,0.061894051035445596
cell_10/comb_iter_3/right/pooling/avgpool_3,OpenCL,2299.181818181818,76.81818181818181,0.033411094855877586
cell_10/comb_iter_3/add,OpenCL,1411.8181818181818,3880.3636363636365,2.7484867997424343
cell_9/cell_base/_reduce_prev_layer_relu,CPU,2277.818181818182,2806.0,1.2318805874840357
cell_9/cell_base/_reduce_prev_layer_Conv1x1,CPU,22061.363636363636,26197.81818181818,1.187497682085093
cell_9/comb_iter_0/right/bf_relu_0,CPU,632.8181818181819,709.4545454545455,1.1211032897572188
cell_9/comb_iter_0/right/separable_depthwise3x3_1,CPU,2017.272727272727,2196.909090909091,1.0890491212257776
cell_9/comb_iter_0/right/separable_pointwise3x3_1,CPU,4422.818181818182,5062.727272727273,1.1446835625167007
cell_9/comb_iter_0/right/separable_depthwise3x3_2,CPU,1801.5454545454545,2162.2727272727275,1.2002321239339961
cell_9/comb_iter_0/right/separable_pointwise3x3_2,CPU,4477.545454545455,4671.090909090909,1.0432257933526892
cell_9/comb_iter_0/add,CPU,768.8,830.7272727272727,1.0805505628606566
cell_9/comb_iter_1/left/bf_relu_0,CPU,629.5454545454545,738.0909090909091,1.172418772563177
cell_9/comb_iter_1/left/separable_depthwise5x5_1,CPU,3520.818181818182,3578.4545454545455,1.0163701618941878
cell_9/comb_iter_1/left/separable_pointwise5x5_1,CPU,4440.545454545455,4671.0,1.0518978012529172
cell_9/comb_iter_1/left/separable_depthwise5x5_2,CPU,3380.909090909091,3456.909090909091,1.0224791610648023
cell_9/comb_iter_1/left/separable_pointwise5x5_2,CPU,4402.181818181818,4574.636363636364,1.0391747893606478
cell_9/comb_iter_1/right/bf_relu_0,CPU,748.0,802.2727272727273,1.0725571220223626
cell_9/comb_iter_1/right/separable_depthwise3x3_1,CPU,1935.8181818181818,1968.1818181818182,1.0167183244106321
cell_9/comb_iter_1/right/separable_pointwise3x3_1,CPU,4438.0,4651.090909090909,1.0480150764062435
cell_9/comb_iter_1/right/separable_depthwise3x3_2,CPU,1809.5,1926.5454545454545,1.0646838654575599
cell_9/comb_iter_1/right/separable_pointwise3x3_2,CPU,4506.818181818182,4582.545454545455,1.0168028240040343
cell_9/comb_iter_1/add,CPU,763.6,874.5454545454545,1.1452926329825228
cell_9/comb_iter_2/add,OpenCL,1360.2727272727273,1121.0,0.8240994452984027
cell_9/comb_iter_3/left/pooling/avgpool_3,OpenCL,2263.6363636363635,162.8181818181818,0.0719277108433735
cell_9/comb_iter_3/right/pooling/avgpool_3,OpenCL,2320.6363636363635,87.0909090909091,0.03752889097817997
cell_9/comb_iter_3/add,OpenCL,1335.8181818181818,4237.090909090909,3.171906900775827
cell_9/cell_output/concat,OpenCL,2447.6363636363635,3967.3636363636365,1.6208958549992574
cell_10/cell_base/relu,CPU,2471.2727272727275,2462.0,0.9962477928193054
cell_10/cell_base/Conv1x1,CPU,22164.636363636364,22667.636363636364,1.022693807908585
cell_10/comb_iter_0/left/bf_relu_0,CPU,626.5454545454545,771.3636363636364,1.2311375507835172
cell_10/comb_iter_0/left/separable_depthwise5x5_1,CPU,3522.2727272727275,4170.454545454545,1.1840237449993545
cell_10/comb_iter_0/left/separable_pointwise5x5_1,CPU,4486.909090909091,5653.545454545455,1.2600089148229192
cell_10/comb_iter_0/left/separable_depthwise5x5_2,CPU,3373.181818181818,3500.5454545454545,1.0377577145937205
cell_10/comb_iter_0/left/separable_pointwise5x5_2,CPU,4417.272727272727,4723.909090909091,1.0694175756328463
cell_10/comb_iter_0/add,CPU,838.6,897.0909090909091,1.0697482817683153
cell_10/comb_iter_2/left/pooling/avgpool_3,OpenCL,2352.6363636363635,2190.090909090909,0.9309092314231616
cell_10/comb_iter_2/add,OpenCL,1451.8181818181818,1526.7272727272727,1.0515967438948028
cell_10/comb_iter_4/left/bf_relu_0,OpenCL,1232.3636363636363,123.63636363636364,0.1003245795219829
cell_10/comb_iter_4/left/separable_depthwise3x3_1,OpenCL,3669.181818181818,316.1818181818182,0.08617229503728847
cell_10/comb_iter_4/left/separable_pointwise3x3_1,OpenCL,21914.727272727272,323.6363636363636,0.014767984999709619
cell_10/comb_iter_4/left/separable_depthwise3x3_2,OpenCL,3646.181818181818,134.54545454545453,0.03690036900369004
cell_10/comb_iter_4/left/separable_pointwise3x3_2,OpenCL,21942.727272727272,48818.454545454544,2.2248125284832416
cell_10/comb_iter_4/add,OpenCL,1435.2727272727273,1285.909090909091,0.895933620471244
cell_10/cell_output/concat,CPU,2361.0,4151.454545454545,1.7583458472912092
cell_11/cell_base/relu,CPU,2343.181818181818,2948.090909090909,1.2581571290009699
cell_11/cell_base/Conv1x1,CPU,21955.0,42284.36363636364,1.9259559843481502
cell_11/comb_iter_0/left/bf_relu_0,CPU,681.6363636363636,925.4545454545455,1.3576953854361165
cell_11/comb_iter_0/left/separable_depthwise5x5_1,CPU,3633.6363636363635,7010.545454545455,1.9293470102576935
cell_11/comb_iter_0/left/separable_pointwise5x5_1,CPU,4441.636363636364,7930.818181818182,1.7855622415981005
cell_11/comb_iter_0/left/separable_depthwise5x5_2,CPU,3376.0,6522.727272727273,1.9320874623007325
cell_11/comb_iter_0/left/separable_pointwise5x5_2,CPU,4449.454545454545,7927.818181818182,1.78175057208238
cell_11/comb_iter_2/left/pooling/avgpool_3,OpenCL,2364.909090909091,2604.2727272727275,1.1012147305297149
cell_11/comb_iter_4/left/bf_relu_0,OpenCL,1184.0,97.18181818181819,0.08207923832923833
cell_11/comb_iter_4/left/separable_depthwise3x3_1,OpenCL,3612.818181818182,1245.1818181818182,0.344656651820538
cell_11/comb_iter_4/left/separable_pointwise3x3_1,OpenCL,21844.545454545456,519.8181818181819,0.023796246202505308
cell_11/comb_iter_4/left/separable_depthwise3x3_2,OpenCL,3629.7272727272725,200.9090909090909,0.05535101560347635
cell_11/comb_iter_4/left/separable_pointwise3x3_2,OpenCL,22014.363636363636,49809.545454545456,2.262593017781779
cell_11/comb_iter_4/add,OpenCL,1470.8181818181818,1104.2727272727273,0.7507880585944743
reduction_cell_1/cell_base/_reduce_prev_layer_relu,CPU,2288.3636363636365,3132.0,1.368663594470046
reduction_cell_1/cell_base/_reduce_prev_layer_Conv1x1,CPU,38427.0,49299.90909090909,1.282949725216881
reduction_cell_1/comb_iter_0/right/bf_relu_0,CPU,860.4545454545455,2480.7272727272725,2.8830427892234542
reduction_cell_1/comb_iter_0/right/separable_depthwise7x7_1,CPU,11109.545454545454,15880.727272727272,1.429466879423919
reduction_cell_1/comb_iter_0/right/separable_pointwise7x7_1,CPU,4280.727272727273,5581.090909090909,1.3037716615698267
reduction_cell_1/comb_iter_0/right/separable_depthwise7x7_2,CPU,9193.818181818182,9348.181818181818,1.0167899379029386
reduction_cell_1/comb_iter_0/right/separable_pointwise7x7_2,CPU,4239.3,4410.727272727273,1.040437636573791
reduction_cell_1/comb_iter_1/right/bf_relu_0,CPU,951.4,932.4545454545455,0.9800867620922278
reduction_cell_1/comb_iter_1/right/separable_depthwise7x7_1,CPU,11145.727272727272,11200.454545454546,1.004910157173968
reduction_cell_1/comb_iter_1/right/separable_pointwise7x7_1,CPU,4269.5,4378.636363636364,1.0255618605542485
reduction_cell_1/comb_iter_1/right/separable_depthwise7x7_2,CPU,9130.09090909091,9164.09090909091,1.0037239497764634
reduction_cell_1/comb_iter_1/right/separable_pointwise7x7_2,CPU,4329.363636363636,4283.636363636364,0.9894378766562377
reduction_cell_1/comb_iter_2/right/bf_relu_0,CPU,878.4545454545455,1063.7272727272727,1.2109075856359308
reduction_cell_1/comb_iter_2/right/separable_depthwise5x5_1,CPU,3616.090909090909,3654.2727272727275,1.0105588656761446
reduction_cell_1/comb_iter_2/right/separable_pointwise5x5_1,CPU,4227.090909090909,4202.272727272727,0.9941287797324616
reduction_cell_1/comb_iter_2/right/separable_depthwise5x5_2,CPU,2086.909090909091,2125.090909090909,1.01829587036069
reduction_cell_1/comb_iter_2/right/separable_pointwise5x5_2,CPU,4275.454545454545,4355.636363636364,1.0187539868169255
cell_12/cell_base/_reduce_prev_layer_relue,OpenCL,1418.2222222222222,316.0,0.2228141648386086
cell_12/cell_base/_reduce_prev_layer_prev_1x1_path1_pooling,OpenCL,1078.6666666666667,90.18181818181819,0.0836048994269019
cell_12/cell_base/_reduce_prev_layer_prev_1x1_path1_conv,OpenCL,11352.454545454546,624.4545454545455,0.05500612602801157
cell_12/cell_base/_reduce_prev_layer_prev_1x1_path2_pooling,OpenCL,1134.3,62.18181818181818,0.05481955230698949
cell_12/cell_base/_reduce_prev_layer_prev_1x1_path2_conv,OpenCL,11401.727272727272,245.9090909090909,0.021567705052663474
cell_12/cell_base/_reduce_prev_layer_prev_1x1_concat,OpenCL,915.5555555555555,22518.454545454544,24.595399382171227
cell_12/comb_iter_0/right/bf_relu_0,CPU,639.5454545454545,685.1818181818181,1.07135749822317
cell_12/comb_iter_0/right/separable_depthwise3x3_1,CPU,1519.6363636363637,1571.1818181818182,1.0339195979899498
cell_12/comb_iter_0/right/separable_pointwise3x3_1,CPU,4280.909090909091,4278.545454545455,0.9994478657889149
cell_12/comb_iter_0/right/separable_depthwise3x3_2,CPU,1427.5454545454545,1474.7272727272727,1.0330510093612686
cell_12/comb_iter_0/right/separable_pointwise3x3_2,CPU,4268.636363636364,4241.181818181818,0.9935683100841229
cell_12/comb_iter_1/left/bf_relu_0,CPU,726.0909090909091,716.4545454545455,0.9867284337047703
cell_12/comb_iter_1/left/separable_depthwise5x5_1,CPU,2109.3636363636365,2184.818181818182,1.0357712364780416
cell_12/comb_iter_1/left/separable_pointwise5x5_1,CPU,4357.090909090909,4402.090909090909,1.010327991987982
cell_12/comb_iter_1/left/separable_depthwise5x5_2,CPU,2053.7272727272725,2132.909090909091,1.0385551768403347
cell_12/comb_iter_1/left/separable_pointwise5x5_2,CPU,4277.545454545455,4479.454545454545,1.0472020912587932
cell_12/comb_iter_1/right/bf_relu_0,CPU,727.0909090909091,708.1818181818181,0.9739934983745935
cell_12/comb_iter_1/right/separable_depthwise3x3_1,CPU,1511.4545454545455,1607.909090909091,1.063815710333213
cell_12/comb_iter_1/right/separable_pointwise3x3_1,CPU,4344.636363636364,4296.090909090909,0.9888263480571655
cell_12/comb_iter_1/right/separable_depthwise3x3_2,CPU,1443.7,1493.3636363636363,1.0344002468405045
cell_12/comb_iter_1/right/separable_pointwise3x3_2,CPU,4328.090909090909,4304.272727272727,0.9944968388329937
cell_12/comb_iter_1/add,CPU,615.9090909090909,671.8181818181819,1.0907749077490776
cell_12/comb_iter_3/left/pooling/avgpool_3,OpenCL,1820.0,140.72727272727272,0.07732267732267732
cell_12/comb_iter_3/right/pooling/avgpool_3,OpenCL,1850.7272727272727,85.0909090909091,0.04597701149425287
cell_12/comb_iter_3/add,OpenCL,1344.090909090909,3034.4545454545455,2.257625972269192
cell_11/cell_base/_reduce_prev_layer_relu,CPU,2358.4545454545455,2361.090909090909,1.0011178352542112
cell_11/cell_base/_reduce_prev_layer_Conv1x1,CPU,22612.090909090908,22714.636363636364,1.0045349832953407
cell_11/comb_iter_0/right/bf_relu_0,CPU,580.8888888888889,944.1818181818181,1.6254086387980802
cell_11/comb_iter_0/right/separable_depthwise3x3_1,CPU,1988.7272727272727,2582.2727272727275,1.2984549277747304
cell_11/comb_iter_0/right/separable_pointwise3x3_1,CPU,4558.090909090909,5202.272727272727,1.1413271106324419
cell_11/comb_iter_0/right/separable_depthwise3x3_2,CPU,1844.3,2147.181818181818,1.1642258950180655
cell_11/comb_iter_0/right/separable_pointwise3x3_2,CPU,4474.0,4538.090909090909,1.0143251920185312
cell_11/comb_iter_0/add,CPU,796.6363636363636,857.0,1.0757731370535204
cell_11/comb_iter_1/left/bf_relu_0,CPU,692.3636363636364,689.3636363636364,0.9956670168067226
cell_11/comb_iter_1/left/separable_depthwise5x5_1,CPU,3530.909090909091,3543.909090909091,1.003681771369722
cell_11/comb_iter_1/left/separable_pointwise5x5_1,CPU,4560.272727272727,4487.636363636364,0.9840719255227958
cell_11/comb_iter_1/left/separable_depthwise5x5_2,CPU,3308.909090909091,3385.2727272727275,1.0230781911094016
cell_11/comb_iter_1/left/separable_pointwise5x5_2,CPU,4509.0,4627.090909090909,1.026190044154116
cell_11/comb_iter_1/right/bf_relu_0,CPU,720.2727272727273,773.8181818181819,1.0743405275779379
cell_11/comb_iter_1/right/separable_depthwise3x3_1,CPU,1903.7272727272727,2004.1818181818182,1.052767298600831
cell_11/comb_iter_1/right/separable_pointwise3x3_1,CPU,4476.636363636364,4726.818181818182,1.0558861157931076
cell_11/comb_iter_1/right/separable_depthwise3x3_2,CPU,1851.0,1898.1818181818182,1.0254899071754826
cell_11/comb_iter_1/right/separable_pointwise3x3_2,CPU,4430.636363636364,4544.636363636364,1.025729938239941
cell_11/comb_iter_1/add,CPU,763.2727272727273,760.7272727272727,0.9966650786088614
cell_11/comb_iter_2/add,OpenCL,1403.4545454545455,5230.090909090909,3.726583754372328
cell_11/comb_iter_3/left/pooling/avgpool_3,OpenCL,2285.7272727272725,120.45454545454545,0.052698564212703344
cell_11/comb_iter_3/right/pooling/avgpool_3,OpenCL,2316.0,75.45454545454545,0.03257968283875019
cell_11/comb_iter_3/add,OpenCL,1380.5454545454545,3872.0,2.804688528908205
cell_11/cell_output/concat,OpenCL,2482.0,2744.0,1.1055600322320709
reduction_cell_1/cell_base/relu,CPU,2326.5454545454545,2683.5454545454545,1.1534463894967177
reduction_cell_1/cell_base/Conv1x1,CPU,38483.545454545456,39334.72727272727,1.022118071714239
reduction_cell_1/comb_iter_0/left/bf_relu_0,CPU,918.7,1194.090909090909,1.2997615207259268
reduction_cell_1/comb_iter_0/left/separable_depthwise5x5_1,CPU,3648.0,3717.4545454545455,1.0190390749601277
reduction_cell_1/comb_iter_0/left/separable_pointwise5x5_1,CPU,4225.363636363636,4293.272727272727,1.0160717743497063
reduction_cell_1/comb_iter_0/left/separable_depthwise5x5_2,CPU,2050.818181818182,2068.181818181818,1.0084666873531627
reduction_cell_1/comb_iter_0/left/separable_pointwise5x5_2,CPU,4258.636363636364,4240.363636363636,0.9957092539225103
reduction_cell_1/comb_iter_0/add,CPU,656.0,756.3636363636364,1.1529933481152994
reduction_cell_1/comb_iter_3/right/pooling/avgpool_3,OpenCL,1827.4545454545455,1802.4545454545455,0.9863197691771963
reduction_cell_1/comb_iter_4/left/bf_relu_0,CPU,533.1818181818181,574.8181818181819,1.0780903665814154
reduction_cell_1/comb_iter_4/left/separable_depthwise3x3_1,CPU,1571.7272727272727,1938.4545454545455,1.2333275493088092
reduction_cell_1/comb_iter_4/left/separable_pointwise3x3_1,CPU,4230.181818181818,4225.545454545455,0.9989039800567353
reduction_cell_1/comb_iter_4/left/separable_depthwise3x3_2,CPU,1394.8181818181818,1480.3636363636363,1.061330900084729
reduction_cell_1/comb_iter_4/left/separable_pointwise3x3_2,CPU,4226.090909090909,4311.454545454545,1.0201991954740035
reduction_cell_1/comb_iter_1/left/pooling/maxpool_3,CPU,2776.5454545454545,2779.090909090909,1.0009167703490276
reduction_cell_1/comb_iter_1/add,CPU,657.3636363636364,705.7272727272727,1.0735721200387223
reduction_cell_1/comb_iter_3/add,OpenCL,1350.4545454545455,1470.909090909091,1.0891955570514977
reduction_cell_1/comb_iter_2/left/pooling/avgpool_3,CPU,1870.090909090909,2276.909090909091,1.21753925429002
reduction_cell_1/comb_iter_2/add,CPU,655.5454545454545,734.6363636363636,1.1206490084592984
reduction_cell_1/comb_iter_4/right/pooling/maxpool_3,CPU,2718.909090909091,2759.181818181818,1.0148120904105924
reduction_cell_1/comb_iter_4/add,CPU,638.4545454545455,667.0,1.044710237790118
reduction_cell_1/cell_output/concat,OpenCL,1688.7272727272727,1712.3636363636363,1.0139965546942291
cell_12/cell_base/relu,CPU,1443.090909090909,1424.090909090909,0.9868338163033892
cell_12/cell_base/Conv1x1,CPU,14494.363636363636,14749.90909090909,1.0176306777556166
cell_12/comb_iter_0/left/bf_relu_0,CPU,433.09090909090907,496.1818181818182,1.145675902602855
cell_12/comb_iter_0/left/separable_depthwise5x5_1,CPU,2185.2727272727275,2718.818181818182,1.2441550877776852
cell_12/comb_iter_0/left/separable_pointwise5x5_1,CPU,4272.636363636364,4328.363636363636,1.0130428306985253
cell_12/comb_iter_0/left/separable_depthwise5x5_2,CPU,2014.1,2113.181818181818,1.0491940907511137
cell_12/comb_iter_0/left/separable_pointwise5x5_2,CPU,4351.636363636364,4291.454545454545,0.9861703016629062
cell_12/comb_iter_0/add,CPU,633.9090909090909,660.7272727272727,1.0423060375734978
cell_12/comb_iter_2/left/pooling/avgpool_3,OpenCL,1856.090909090909,268.72727272727275,0.14478130969290298
cell_12/comb_iter_2/add,OpenCL,1285.7,1950.2727272727273,1.516895642274813
cell_12/comb_iter_4/left/bf_relu_0,CPU,744.5454545454545,674.5454545454545,0.905982905982906
cell_12/comb_iter_4/left/separable_depthwise3x3_1,CPU,1466.2727272727273,1515.6363636363637,1.0336660673321347
cell_12/comb_iter_4/left/separable_pointwise3x3_1,CPU,4207.090909090909,4319.909090909091,1.0268161977613552
cell_12/comb_iter_4/left/separable_depthwise3x3_2,CPU,1431.5454545454545,1438.090909090909,1.0045722994856163
cell_12/comb_iter_4/left/separable_pointwise3x3_2,CPU,4209.727272727273,4374.909090909091,1.039238128144773
cell_12/comb_iter_4/add,CPU,774.2727272727273,900.0,1.1623811201127159
cell_12/cell_output/concat,OpenCL,2192.2727272727275,2933.0,1.3378809869375905
cell_13/cell_base/relu,CPU,2153.4545454545455,2137.818181818182,0.9927389395474503
cell_13/cell_base/Conv1x1,CPU,22767.81818181818,23320.18181818182,1.0242607188775226
cell_13/comb_iter_0/left/bf_relu_0,CPU,424.90909090909093,474.6363636363636,1.117030380830124
cell_13/comb_iter_0/left/separable_depthwise5x5_1,CPU,2245.909090909091,2592.5454545454545,1.154341226472374
cell_13/comb_iter_0/left/separable_pointwise5x5_1,CPU,4349.3,4414.0,1.0148759570505599
cell_13/comb_iter_0/left/separable_depthwise5x5_2,CPU,2094.7,2127.5454545454545,1.0156802666469922
cell_13/comb_iter_0/left/separable_pointwise5x5_2,CPU,4305.8,4484.090909090909,1.0414071506086926
cell_13/comb_iter_2/left/pooling/avgpool_3,OpenCL,1862.4545454545455,1703.909090909091,0.9148728461951482
cell_13/comb_iter_4/left/bf_relu_0,CPU,545.2,680.3636363636364,1.247915693990529
cell_13/comb_iter_4/left/separable_depthwise3x3_1,CPU,1467.6,3662.818181818182,2.4957878044550164
cell_13/comb_iter_4/left/separable_pointwise3x3_1,CPU,4287.9,6812.363636363636,1.588741257110389
cell_13/comb_iter_4/left/separable_depthwise3x3_2,CPU,1462.1,2326.5454545454545,1.5912355205153237
cell_13/comb_iter_4/left/separable_pointwise3x3_2,CPU,4266.818181818182,5194.090909090909,1.217321828060083
cell_13/comb_iter_4/add,CPU,776.0909090909091,2204.909090909091,2.8410448635352
cell_14/cell_base/_reduce_prev_layer_relu,CPU,2053.7,2147.818181818182,1.0458285931821503
cell_14/cell_base/_reduce_prev_layer_Conv1x1,CPU,22701.18181818182,24482.81818181818,1.07848209744787
cell_14/comb_iter_0/right/bf_relu_0,CPU,460.1818181818182,565.4545454545455,1.228763334650336
cell_14/comb_iter_0/right/separable_depthwise3x3_1,CPU,1613.4545454545455,2279.5454545454545,1.4128352490421456
cell_14/comb_iter_0/right/separable_pointwise3x3_1,CPU,4241.7,4876.909090909091,1.14975342219136
cell_14/comb_iter_0/right/separable_depthwise3x3_2,CPU,1378.5454545454545,1431.7272727272727,1.03857821155368
cell_14/comb_iter_0/right/separable_pointwise3x3_2,CPU,4267.272727272727,4425.363636363636,1.0370472944184064
cell_14/comb_iter_1/left/bf_relu_0,CPU,699.3636363636364,677.0909090909091,0.9681528662420382
cell_14/comb_iter_1/left/separable_depthwise5x5_1,CPU,2156.7272727272725,2226.2727272727275,1.0322458270106223
cell_14/comb_iter_1/left/separable_pointwise5x5_1,CPU,4209.727272727273,4368.0,1.037596907594964
cell_14/comb_iter_1/left/separable_depthwise5x5_2,CPU,2065.6363636363635,2092.3636363636365,1.012939001848429
cell_14/comb_iter_1/left/separable_pointwise5x5_2,CPU,4379.636363636364,4416.272727272727,1.0083651610760542
cell_14/comb_iter_1/right/bf_relu_0,CPU,716.6363636363636,706.8181818181819,0.9862996321197515
cell_14/comb_iter_1/right/separable_depthwise3x3_1,CPU,1445.2727272727273,1657.6363636363637,1.1469367216002013
cell_14/comb_iter_1/right/separable_pointwise3x3_1,CPU,4233.272727272727,4216.909090909091,0.9961345187475842
cell_14/comb_iter_1/right/separable_depthwise3x3_2,CPU,1460.909090909091,1479.090909090909,1.0124455507156191
cell_14/comb_iter_1/right/separable_pointwise3x3_2,CPU,4217.090909090909,4573.818181818182,1.0845908424592567
cell_14/comb_iter_1/add,CPU,585.1818181818181,657.6363636363636,1.123815441976076
cell_14/comb_iter_3/left/pooling/avgpool_3,OpenCL,1909.5454545454545,268.8181818181818,0.1407760057129255
cell_14/comb_iter_3/right/pooling/avgpool_3,OpenCL,1935.6363636363637,84.54545454545455,0.04367837685515687
cell_14/comb_iter_3/add,OpenCL,1381.909090909091,3504.4545454545455,2.5359515821327543
cell_13/cell_base/_reduce_prev_layer_relu,CPU,1546.3636363636363,1691.8181818181818,1.0940623162845386
cell_13/cell_base/_reduce_prev_layer_Conv1x1,CPU,14621.90909090909,14637.636363636364,1.0010755963964413
cell_13/comb_iter_0/right/bf_relu_0,CPU,428.9,476.6363636363636,1.1112995188537274
cell_13/comb_iter_0/right/separable_depthwise3x3_1,CPU,1543.7272727272727,2410.090909090909,1.5612154761203698
cell_13/comb_iter_0/right/separable_pointwise3x3_1,CPU,4296.909090909091,5098.545454545455,1.186561164473406
cell_13/comb_iter_0/right/separable_depthwise3x3_2,CPU,1398.7,1452.0,1.0381068134696503
cell_13/comb_iter_0/right/separable_pointwise3x3_2,CPU,4261.454545454545,4208.636363636364,0.9876055977472482
cell_13/comb_iter_0/add,CPU,620.9090909090909,660.7272727272727,1.064128843338214
cell_13/comb_iter_1/left/bf_relu_0,CPU,765.5454545454545,698.8181818181819,0.9128369552309703
cell_13/comb_iter_1/left/separable_depthwise5x5_1,CPU,2121.5454545454545,2149.3636363636365,1.013112225221751
cell_13/comb_iter_1/left/separable_pointwise5x5_1,CPU,4271.0,4353.090909090909,1.019220535961346
cell_13/comb_iter_1/left/separable_depthwise5x5_2,CPU,2076.2,2117.2727272727275,1.0197826448669336
cell_13/comb_iter_1/left/separable_pointwise5x5_2,CPU,4269.4,4296.545454545455,1.0063581427239086
cell_13/comb_iter_1/right/bf_relu_0,CPU,714.0909090909091,687.7272727272727,0.9630808402291534
cell_13/comb_iter_1/right/separable_depthwise3x3_1,CPU,1504.3636363636363,1554.4545454545455,1.033297075175248
cell_13/comb_iter_1/right/separable_pointwise3x3_1,CPU,4276.0,4260.181818181818,0.9963007058423335
cell_13/comb_iter_1/right/separable_depthwise3x3_2,CPU,1420.0,1464.909090909091,1.0316261203585149
cell_13/comb_iter_1/right/separable_pointwise3x3_2,CPU,4301.363636363636,4357.363636363636,1.013019127126704
cell_13/comb_iter_1/add,CPU,613.8181818181819,685.3636363636364,1.116558056872038
cell_13/comb_iter_2/add,OpenCL,1261.8181818181818,1370.0,1.0857348703170029
cell_13/comb_iter_3/left/pooling/avgpool_3,OpenCL,1821.1818181818182,172.63636363636363,0.09479359057555033
cell_13/comb_iter_3/right/pooling/avgpool_3,OpenCL,1803.2727272727273,100.45454545454545,0.055706795724944545
cell_13/comb_iter_3/add,OpenCL,1229.6363636363637,3912.3636363636365,3.181724086943664
cell_13/cell_output/concat,OpenCL,2147.3,2241.6363636363635,1.0439325495442477
cell_14/cell_base/relu,CPU,2134.2727272727275,1944.6363636363637,0.9111470801209695
cell_14/cell_base/Conv1x1,CPU,22983.81818181818,23093.090909090908,1.0047543330881015
cell_14/comb_iter_0/left/bf_relu_0,CPU,407.09090909090907,486.0,1.193836534167039
cell_14/comb_iter_0/left/separable_depthwise5x5_1,CPU,2174.090909090909,2656.818181818182,1.2220363788417312
cell_14/comb_iter_0/left/separable_pointwise5x5_1,CPU,4315.454545454545,4520.090909090909,1.0474194227933433
cell_14/comb_iter_0/left/separable_depthwise5x5_2,CPU,2049.818181818182,2131.4545454545455,1.039826148660635
cell_14/comb_iter_0/left/separable_pointwise5x5_2,CPU,4361.727272727273,4328.818181818182,0.9924550324100126
cell_14/comb_iter_0/add,CPU,611.0,681.2727272727273,1.1150126469275405
cell_14/comb_iter_2/left/pooling/avgpool_3,OpenCL,1889.5454545454545,1707.6363636363637,0.9037286504690883
cell_14/comb_iter_2/add,OpenCL,1327.7272727272727,2205.818181818182,1.661348853132489
cell_14/comb_iter_4/left/bf_relu_0,CPU,741.0909090909091,657.0909090909091,0.8866535819430814
cell_14/comb_iter_4/left/separable_depthwise3x3_1,CPU,1505.4545454545455,1593.7272727272727,1.0586352657004832
cell_14/comb_iter_4/left/separable_pointwise3x3_1,CPU,4240.181818181818,4577.272727272727,1.079499163843746
cell_14/comb_iter_4/left/separable_depthwise3x3_2,CPU,1444.4545454545455,1484.0,1.0273774309270565
cell_14/comb_iter_4/left/separable_pointwise3x3_2,CPU,4304.545454545455,4453.363636363636,1.0345723336853219
cell_14/comb_iter_4/add,CPU,769.0909090909091,740.0,0.9621749408983451
cell_14/cell_output/concat,OpenCL,2214.7272727272725,2218.909090909091,1.0018881865199902
cell_15/cell_base/relu,CPU,2077.6363636363635,1970.7272727272727,0.9485429246521397
cell_15/cell_base/Conv1x1,CPU,23115.8,22973.81818181818,0.9938578021015142
cell_15/comb_iter_0/left/bf_relu_0,CPU,423.7,473.6363636363636,1.1178578325144293
cell_15/comb_iter_0/left/separable_depthwise5x5_1,CPU,2161.5,2479.3636363636365,1.1470569680146363
cell_15/comb_iter_0/left/separable_pointwise5x5_1,CPU,4274.2,4319.0,1.01048149361284
cell_15/comb_iter_0/left/separable_depthwise5x5_2,CPU,2105.3636363636365,2078.818181818182,0.987391510859709
cell_15/comb_iter_0/left/separable_pointwise5x5_2,CPU,4239.090909090909,4260.272727272727,1.0049967831867896
cell_15/comb_iter_2/left/pooling/avgpool_3,OpenCL,1844.8181818181818,1709.0,0.9263785541812448
cell_15/comb_iter_4/left/bf_relu_0,CPU,550.6,676.1818181818181,1.2280817620447113
cell_15/comb_iter_4/left/separable_depthwise3x3_1,CPU,1519.5454545454545,1484.6363636363637,0.9770266227938977
cell_15/comb_iter_4/left/separable_pointwise3x3_1,CPU,4341.272727272727,4248.272727272727,0.9785777107676844
cell_15/comb_iter_4/left/separable_depthwise3x3_2,CPU,1400.8181818181818,1477.5454545454545,1.0547731845025634
cell_15/comb_iter_4/left/separable_pointwise3x3_2,CPU,4244.9,4321.363636363636,1.0180130595216934
cell_15/comb_iter_4/add,CPU,754.7,735.9090909090909,0.9751014852379633
cell_16/cell_base/_reduce_prev_layer_relu,CPU,2171.5454545454545,2150.090909090909,0.99012014903504
cell_16/cell_base/_reduce_prev_layer_Conv1x1,CPU,23354.18181818182,22922.18181818182,0.9815022421524664
cell_16/comb_iter_0/right/bf_relu_0,CPU,438.44444444444446,471.90909090909093,1.076325853568631
cell_16/comb_iter_0/right/separable_depthwise3x3_1,CPU,1594.1818181818182,2128.5454545454545,1.3351961678832116
cell_16/comb_iter_0/right/separable_pointwise3x3_1,CPU,4287.545454545455,4925.272727272727,1.1487394779806201
cell_16/comb_iter_0/right/separable_depthwise3x3_2,CPU,1414.090909090909,3172.181818181818,2.243265830922533
cell_16/comb_iter_0/right/separable_pointwise3x3_2,CPU,4379.727272727273,5059.272727272727,1.1551570251364758
cell_16/comb_iter_1/left/bf_relu_0,CPU,713.8181818181819,681.3636363636364,0.9545338767193071
cell_16/comb_iter_1/left/separable_depthwise5x5_1,CPU,2125.909090909091,2168.7272727272725,1.020141116100064
cell_16/comb_iter_1/left/separable_pointwise5x5_1,CPU,4219.454545454545,4287.090909090909,1.0160296462274314
cell_16/comb_iter_1/left/separable_depthwise5x5_2,CPU,2073.4545454545455,2122.909090909091,1.023851280252543
cell_16/comb_iter_1/left/separable_pointwise5x5_2,CPU,4331.909090909091,4205.0,0.9707036578455855
cell_16/comb_iter_1/right/bf_relu_0,CPU,704.0909090909091,678.2727272727273,0.9633311814073595
cell_16/comb_iter_1/right/separable_depthwise3x3_1,CPU,1521.8181818181818,1562.0,1.0264038231780168
cell_16/comb_iter_1/right/separable_pointwise3x3_1,CPU,4257.454545454545,4380.818181818182,1.0289759139050223
cell_16/comb_iter_1/right/separable_depthwise3x3_2,CPU,1399.1818181818182,1444.0,1.0320317068416607
cell_16/comb_iter_1/right/separable_pointwise3x3_2,CPU,4153.727272727273,4251.272727272727,1.0234838370795123
cell_16/comb_iter_1/add,CPU,552.0,654.8181818181819,1.1862648221343874
cell_16/comb_iter_3/left/pooling/avgpool_3,OpenCL,1942.0,267.1818181818182,0.13758075086602378
cell_16/comb_iter_3/right/pooling/avgpool_3,OpenCL,1969.2727272727273,89.81818181818181,0.045609823654325546
cell_16/comb_iter_3/add,OpenCL,1229.111111111111,3200.0,2.6035075031639847
cell_15/cell_base/_reduce_prev_layer_relu,CPU,2070.181818181818,2024.6363636363637,0.9779992973827508
cell_15/cell_base/_reduce_prev_layer_Conv1x1,CPU,22759.0,22740.909090909092,0.999205109666905
cell_15/comb_iter_0/right/bf_relu_0,CPU,413.3,461.6363636363636,1.1169522468820798
cell_15/comb_iter_0/right/separable_depthwise3x3_1,CPU,1552.7272727272727,2031.0,1.3080210772833722
cell_15/comb_iter_0/right/separable_pointwise3x3_1,CPU,4290.727272727273,5041.636363636364,1.1750074155684562
cell_15/comb_iter_0/right/separable_depthwise3x3_2,CPU,1392.909090909091,1463.0,1.0503198015924813
cell_15/comb_iter_0/right/separable_pointwise3x3_2,CPU,4295.818181818182,4321.818181818182,1.0060523976806197
cell_15/comb_iter_0/add,CPU,585.5454545454545,651.5454545454545,1.1127154168607358
cell_15/comb_iter_1/left/bf_relu_0,CPU,706.4545454545455,703.9090909090909,0.9963968601209624
cell_15/comb_iter_1/left/separable_depthwise5x5_1,CPU,2104.181818181818,2147.818181818182,1.020737924479392
cell_15/comb_iter_1/left/separable_pointwise5x5_1,CPU,4294.363636363636,4428.181818181818,1.0311613531478894
cell_15/comb_iter_1/left/separable_depthwise5x5_2,CPU,2101.0,2064.0,0.9823893384102809
cell_15/comb_iter_1/left/separable_pointwise5x5_2,CPU,4318.0,4418.272727272727,1.02322203040128
cell_15/comb_iter_1/right/bf_relu_0,CPU,693.1818181818181,683.4545454545455,0.9859672131147542
cell_15/comb_iter_1/right/separable_depthwise3x3_1,CPU,1500.7272727272727,1558.0,1.0381633147564817
cell_15/comb_iter_1/right/separable_pointwise3x3_1,CPU,4281.727272727273,4473.363636363636,1.0447567888914837
cell_15/comb_iter_1/right/separable_depthwise3x3_2,CPU,1463.3636363636363,1463.1818181818182,0.9998757532459466
cell_15/comb_iter_1/right/separable_pointwise3x3_2,CPU,4322.545454545455,4470.454545454545,1.0342180533355765
cell_15/comb_iter_1/add,CPU,599.7272727272727,672.9090909090909,1.1220251629528573
cell_15/comb_iter_2/add,OpenCL,1256.4,1668.2727272727273,1.3278197447251887
cell_15/comb_iter_3/left/pooling/avgpool_3,OpenCL,1777.6363636363637,149.45454545454547,0.08407486959189936
cell_15/comb_iter_3/right/pooling/avgpool_3,OpenCL,1762.4545454545455,85.81818181818181,0.04869242275751792
cell_15/comb_iter_3/add,OpenCL,1260.4,3049.3636363636365,2.4193618187588357
cell_15/cell_output/concat,OpenCL,2277.8,2348.181818181818,1.0308990333575458
cell_16/cell_base/relu,CPU,2190.909090909091,2184.090909090909,0.9968879668049792
cell_16/cell_base/Conv1x1,CPU,22693.363636363636,23084.272727272728,1.0172257007455123
cell_16/comb_iter_0/left/bf_relu_0,CPU,406.0,532.3636363636364,1.3112404836542768
cell_16/comb_iter_0/left/separable_depthwise5x5_1,CPU,2188.4545454545455,2637.5454545454545,1.2052091554853985
cell_16/comb_iter_0/left/separable_pointwise5x5_1,CPU,4281.545454545455,4532.909090909091,1.0587086226298914
cell_16/comb_iter_0/left/separable_depthwise5x5_2,CPU,2072.7272727272725,2347.2727272727275,1.1324561403508775
cell_16/comb_iter_0/left/separable_pointwise5x5_2,CPU,4268.636363636364,4456.363636363636,1.043978277073794
cell_16/comb_iter_0/add,CPU,645.2727272727273,690.9090909090909,1.0707241476472245
cell_16/comb_iter_2/left/pooling/avgpool_3,OpenCL,1913.2727272727273,1712.909090909091,0.8952770122588616
cell_16/comb_iter_2/add,OpenCL,1387.090909090909,2141.2727272727275,1.5437147725783198
cell_16/comb_iter_4/left/bf_relu_0,CPU,690.0909090909091,705.4545454545455,1.0222632064286656
cell_16/comb_iter_4/left/separable_depthwise3x3_1,CPU,1438.6,1613.1818181818182,1.1213553581133173
cell_16/comb_iter_4/left/separable_pointwise3x3_1,CPU,4284.909090909091,4287.454545454545,1.0005940510035218
cell_16/comb_iter_4/left/separable_depthwise3x3_2,CPU,1423.8181818181818,1686.4545454545455,1.1844592006129486
cell_16/comb_iter_4/left/separable_pointwise3x3_2,CPU,4321.636363636364,4369.545454545455,1.0110858681475872
cell_16/comb_iter_4/add,CPU,776.0,722.3636363636364,0.9308809746954076
cell_16/cell_output/concat,OpenCL,2177.5454545454545,2664.7272727272725,1.2237298041998914
cell_17/cell_base/relu,CPU,2071.2727272727275,1911.2727272727273,0.922752808988764
cell_17/cell_base/Conv1x1,CPU,23004.454545454544,23289.727272727272,1.0124007603270513
cell_17/comb_iter_0/left/bf_relu_0,CPU,429.72727272727275,470.45454545454544,1.0947746985403004
cell_17/comb_iter_0/left/separable_depthwise5x5_1,CPU,2207.909090909091,2502.818181818182,1.1335693992670977
cell_17/comb_iter_0/left/separable_pointwise5x5_1,CPU,4260.272727272727,4295.909090909091,1.0083648080575294
cell_17/comb_iter_0/left/separable_depthwise5x5_2,CPU,2074.4,2112.6363636363635,1.0184324930757633
cell_17/comb_iter_0/left/separable_pointwise5x5_2,CPU,4255.545454545455,4236.636363636364,0.9955565999444574
cell_17/comb_iter_2/left/pooling/avgpool_3,OpenCL,1860.909090909091,1694.2727272727273,0.9104543234000977
cell_17/comb_iter_4/left/bf_relu_0,CPU,511.29999999999995,683.0909090909091,1.3359884785662217
cell_17/comb_iter_4/left/separable_depthwise3x3_1,CPU,1578.3636363636363,1520.1818181818182,0.9631378873401683
cell_17/comb_iter_4/left/separable_pointwise3x3_1,CPU,4399.181818181818,4305.363636363636,0.9786737203198942
cell_17/comb_iter_4/left/separable_depthwise3x3_2,CPU,1430.2727272727273,1442.4545454545455,1.0085171296002033
cell_17/comb_iter_4/left/separable_pointwise3x3_2,CPU,4291.454545454545,4315.0,1.0054865906876245
cell_17/comb_iter_4/add,CPU,793.8181818181819,744.7272727272727,0.9381584974805314
cell_17/cell_base/_reduce_prev_layer_relu,CPU,2029.1999999999998,3069.4545454545455,1.5126426894611402
cell_17/cell_base/_reduce_prev_layer_Conv1x1,CPU,23380.0,23599.909090909092,1.0094058635974803
cell_17/comb_iter_0/right/bf_relu_0,CPU,472.3636363636364,447.54545454545456,0.9474595842956121
cell_17/comb_iter_0/right/separable_depthwise3x3_1,CPU,1528.4545454545455,1791.8181818181818,1.172307143281984
cell_17/comb_iter_0/right/separable_pointwise3x3_1,CPU,4251.818181818182,5360.272727272727,1.260701304254864
cell_17/comb_iter_0/right/separable_depthwise3x3_2,CPU,1428.8181818181818,1433.1818181818182,1.0030540179423555
cell_17/comb_iter_0/right/separable_pointwise3x3_2,CPU,4278.090909090909,4305.636363636364,1.0064387258547782
cell_17/comb_iter_0/add,CPU,614.9090909090909,611.3636363636364,0.9942341809580131
cell_17/comb_iter_1/left/bf_relu_0,CPU,732.5454545454545,688.5454545454545,0.9399354678580293
cell_17/comb_iter_1/left/separable_depthwise5x5_1,CPU,2156.090909090909,2225.7272727272725,1.0322975081165409
cell_17/comb_iter_1/left/separable_pointwise5x5_1,CPU,4288.727272727273,4471.363636363636,1.0425852128200779
cell_17/comb_iter_1/left/separable_depthwise5x5_2,CPU,2054.4545454545455,2125.909090909091,1.034780300013275
cell_17/comb_iter_1/left/separable_pointwise5x5_2,CPU,4339.909090909091,4272.909090909091,0.9845618886026101
cell_17/comb_iter_1/right/bf_relu_0,CPU,688.7272727272727,704.8181818181819,1.023363252375924
cell_17/comb_iter_1/right/separable_depthwise3x3_1,CPU,1483.090909090909,1571.7272727272727,1.0597646193453476
cell_17/comb_iter_1/right/separable_pointwise3x3_1,CPU,4286.909090909091,4325.181818181818,1.008927814063958
cell_17/comb_iter_1/right/separable_depthwise3x3_2,CPU,1425.6363636363637,1412.3636363636363,0.9906899630149214
cell_17/comb_iter_1/right/separable_pointwise3x3_2,CPU,4294.181818181818,4250.0,0.9897112371919723
cell_17/comb_iter_1/add,CPU,613.0,652.4545454545455,1.0643630431558655
cell_17/comb_iter_2/add,OpenCL,1258.8,1290.909090909091,1.0255076985296243
cell_17/comb_iter_3/left/pooling/avgpool_3,OpenCL,1807.090909090909,140.54545454545453,0.07777442398631652
cell_17/comb_iter_3/right/pooling/avgpool_3,OpenCL,1846.3,95.45454545454545,0.05170045250205571
cell_17/comb_iter_3/add,OpenCL,1357.090909090909,3929.818181818182,2.8957663451232585
cell_17/cell_output/concat,OpenCL,2280.4,2275.6363636363635,0.9979110522874773
final_layer/relu,CPU,2198.4545454545455,2296.6363636363635,1.0446594715295867
final_layer/pooling,OpenCL,1593.909090909091,1579.090909090909,0.9907032453088461
final_layer/FullyConnected,CPU,3653.5,8347.272727272728,2.2847331948194136
final_layer/predictions,CPU,70.8,78.27272727272727,1.105546995377504
