cell_stem_conv1,OpenCL,19053.18181818182,2310.090909090909,0.12124436386191759
cell_stem_0/cell_base/relu,OpenCL,2359.181818181818,125.27272727272727,0.053100073214905015
cell_stem_0/cell_base/Conv1x1,OpenCL,33582.36363636364,1130.0,0.03364861426181491
cell_stem_0/comb_iter_0/left/bf_relu_0,OpenCL,1281.111111111111,49.27272727272727,0.03846093195616179
cell_stem_0/comb_iter_0/left/separable_depthwise5x5_1,OpenCL,41316.72727272727,359.3636363636364,0.008697775939306995
cell_stem_0/comb_iter_0/left/separable_pointwise5x5_1,OpenCL,5245.727272727273,751.3636363636364,0.143233454066513
cell_stem_0/comb_iter_0/left/separable_depthwise5x5_2,OpenCL,10629.818181818182,171.9090909090909,0.01617234537493158
cell_stem_0/comb_iter_0/left/separable_pointwise5x5_2,OpenCL,5173.454545454545,548.5454545454545,0.10603078653264919
cell_stem_0/comb_iter_1/left/pooling/maxpool_3,OpenCL,2505.909090909091,80.0909090909091,0.031960819880282966
cell_stem_0/comb_iter_2/left/pooling/avgpool_3,OpenCL,2100.4545454545455,70.0909090909091,0.033369400562648775
cell_stem_0/comb_iter_4/right/pooling/maxpool_3,OpenCL,2422.181818181818,53.72727272727273,0.022181354151028374
cell_stem_0/comb_iter_0/right/bf_relu_0,OpenCL,2357.090909090909,34.0,0.014424560320888615
cell_stem_0/comb_iter_0/right/separable_depthwise7x7_1,OpenCL,101098.27272727272,141.72727272727272,0.0014018763021758308
cell_stem_0/comb_iter_0/right/separable_pointwise7x7_1,OpenCL,9009.272727272728,563.6363636363636,0.06256180500898063
cell_stem_0/comb_iter_0/right/separable_depthwise7x7_2,OpenCL,17321.272727272728,164.36363636363637,0.009489120052064199
cell_stem_0/comb_iter_0/right/separable_pointwise7x7_2,OpenCL,5270.909090909091,552.0,0.10472576750603656
cell_stem_0/comb_iter_0/add,OpenCL,1180.1818181818182,69.45454545454545,0.05885071637652133
cell_stem_0/comb_iter_3/right/pooling/avgpool_3,OpenCL,1221.6363636363637,74.0,0.06057449025152552
cell_stem_0/comb_iter_4/left/bf_relu_0,OpenCL,1125.6363636363637,39.36363636363637,0.03497011791309966
cell_stem_0/comb_iter_4/left/separable_depthwise3x3_1,OpenCL,1208.4,104.54545454545455,0.08651560290090578
cell_stem_0/comb_iter_4/left/separable_pointwise3x3_1,OpenCL,5158.818181818182,551.8181818181819,0.10696600701358663
cell_stem_0/comb_iter_4/left/separable_depthwise3x3_2,OpenCL,1231.6363636363637,91.36363636363636,0.07418069087688219
cell_stem_0/comb_iter_4/left/separable_pointwise3x3_2,OpenCL,5011.090909090909,564.6363636363636,0.1126773339138638
cell_stem_0/comb_iter_4/add,OpenCL,1221.6363636363637,252903.36363636365,207.02016669147193
cell_stem_0/comb_iter_1/right/bf_relu_0,OpenCL,2275.4545454545455,200.0,0.08789452656811826
cell_stem_0/comb_iter_1/right/separable_depthwise7x7_1,OpenCL,100246.90909090909,453.1818181818182,0.004520656270517522
cell_stem_0/comb_iter_1/right/separable_pointwise7x7_1,OpenCL,8973.545454545454,1676.0,0.18677121640377273
cell_stem_0/comb_iter_1/right/separable_depthwise7x7_2,OpenCL,17398.272727272728,365.27272727272725,0.02099476959572789
cell_stem_0/comb_iter_1/right/separable_pointwise7x7_2,OpenCL,5343.090909090909,826.0909090909091,0.15460918093034337
cell_stem_0/comb_iter_1/add,OpenCL,1044.909090909091,127858.63636363637,122.36340699495388
cell_stem_0/comb_iter_3/add,OpenCL,638.6,1055.0,1.6520513623551518
cell_stem_0/comb_iter_2/right/bf_relu_0,OpenCL,2331.7272727272725,111.72727272727273,0.04791609809349293
cell_stem_0/comb_iter_2/right/separable_depthwise5x5_1,OpenCL,93451.90909090909,404.8181818181818,0.004331834263807053
cell_stem_0/comb_iter_2/right/separable_pointwise5x5_1,OpenCL,9020.09090909091,1632.909090909091,0.1810302254563046
cell_stem_0/comb_iter_2/right/separable_depthwise5x5_2,OpenCL,10475.363636363636,356.8181818181818,0.0340626057676453
cell_stem_0/comb_iter_2/right/separable_pointwise5x5_2,OpenCL,5202.0,830.2727272727273,0.1596064450735731
cell_stem_0/comb_iter_2/add,OpenCL,1203.090909090909,115403.72727272728,95.92269910835728
cell_stem_0/cell_output/concat,CPU,1888.6666666666667,2617.5454545454545,1.3859224079838268
cell_stem_1/cell_base/relu,OpenCL,2149.5454545454545,245.72727272727272,0.11431592302812434
cell_stem_1/cell_base/Conv1x1,OpenCL,27360.363636363636,2309.090909090909,0.08439547587086828
cell_stem_1/comb_iter_0/left/bf_relu_0,OpenCL,1220.5454545454545,125.54545454545455,0.10286012215105021
cell_stem_1/comb_iter_0/left/separable_depthwise5x5_1,OpenCL,8924.454545454546,407.90909090909093,0.0457068932147623
cell_stem_1/comb_iter_0/left/separable_pointwise5x5_1,OpenCL,3581.3636363636365,1087.6363636363637,0.3036933621017896
cell_stem_1/comb_iter_0/left/separable_depthwise5x5_2,OpenCL,5543.727272727273,229.63636363636363,0.04142273822994047
cell_stem_1/comb_iter_0/left/separable_pointwise5x5_2,OpenCL,3605.3636363636365,682.3636363636364,0.1892634710910512
cell_stem_1/comb_iter_1/left/pooling/maxpool_3,OpenCL,1699.090909090909,136.54545454545453,0.08036383092562867
cell_stem_1/comb_iter_2/left/pooling/avgpool_3,OpenCL,1199.4545454545455,103.72727272727273,0.08647870244050326
cell_stem_1/comb_iter_4/right/pooling/maxpool_3,OpenCL,1580.6363636363637,77.9090909090909,0.04928969920055213
cell_0/cell_base/_reduce_prev_layer_relue,OpenCL,2183.818181818182,70.45454545454545,0.0322620930813421
cell_0/cell_base/_reduce_prev_layer_prev_1x1_path1_pooling,OpenCL,1203.3636363636363,75.9090909090909,0.06308075848001814
cell_0/cell_base/_reduce_prev_layer_prev_1x1_path1_conv,OpenCL,3851.2727272727275,701.0909090909091,0.18204135586818998
cell_0/cell_base/_reduce_prev_layer_prev_1x1_path2_pooling,OpenCL,1211.8181818181818,79.45454545454545,0.06556639159789948
cell_0/cell_base/_reduce_prev_layer_prev_1x1_path2_conv,OpenCL,3832.7272727272725,586.4545454545455,0.15301233396584443
cell_0/cell_base/_reduce_prev_layer_prev_1x1_concat,OpenCL,1220.4545454545455,57680.36363636364,47.261378026070766
cell_0/comb_iter_0/right/bf_relu_0,OpenCL,2056.7272727272725,184.8181818181818,0.08986032531824611
cell_0/comb_iter_0/right/separable_depthwise3x3_1,OpenCL,1231.9,554.7272727272727,0.4503021939502173
cell_0/comb_iter_0/right/separable_pointwise3x3_1,OpenCL,6801.181818181818,1938.1818181818182,0.28497720984320907
cell_0/comb_iter_0/right/separable_depthwise3x3_2,OpenCL,1214.5454545454545,232.36363636363637,0.19131736526946108
cell_0/comb_iter_0/right/separable_pointwise3x3_2,OpenCL,6587.636363636364,752.3636363636364,0.1142084345330095
cell_0/comb_iter_1/left/bf_relu_0,OpenCL,1860.0,104.27272727272727,0.056060606060606054
cell_0/comb_iter_1/left/separable_depthwise5x5_1,OpenCL,14971.09090909091,204.54545454545453,0.013662695376543884
cell_0/comb_iter_1/left/separable_pointwise5x5_1,OpenCL,6714.818181818182,632.9090909090909,0.09425558127885408
cell_0/comb_iter_1/left/separable_depthwise5x5_2,OpenCL,15013.181818181818,166.0,0.011056949953071544
cell_0/comb_iter_1/left/separable_pointwise5x5_2,OpenCL,7021.0,632.0,0.09001566728386269
cell_0/comb_iter_1/right/bf_relu_0,OpenCL,2030.8181818181818,86.36363636363636,0.04252652312099915
cell_0/comb_iter_1/right/separable_depthwise3x3_1,OpenCL,1237.1818181818182,127.0909090909091,0.10272613711514439
cell_0/comb_iter_1/right/separable_pointwise3x3_1,OpenCL,6690.545454545455,596.5454545454545,0.0891624544812218
cell_0/comb_iter_1/right/separable_depthwise3x3_2,OpenCL,1213.5454545454545,122.81818181818181,0.10120608285264814
cell_0/comb_iter_1/right/separable_pointwise3x3_2,OpenCL,6557.454545454545,570.5454545454545,0.08700715355182166
cell_0/comb_iter_1/add,OpenCL,2071.3636363636365,70543.18181818182,34.056396752249285
cell_0/comb_iter_3/left/pooling/avgpool_3,OpenCL,2336.2727272727275,251.9090909090909,0.10782520720650608
cell_0/comb_iter_3/right/pooling/avgpool_3,OpenCL,2283.6363636363635,81.81818181818181,0.035828025477707005
cell_0/comb_iter_3/add,OpenCL,2096.4545454545455,6196.454545454545,2.9556827544338926
cell_stem_1/cell_base/_reduce_prev_layer_relue,OpenCL,2252.5454545454545,159.9090909090909,0.07099039470498023
cell_stem_1/cell_base/_reduce_prev_layer_prev_1x1_path1_pooling,OpenCL,1197.7272727272727,79.81818181818181,0.06664136622390891
cell_stem_1/cell_base/_reduce_prev_layer_prev_1x1_path1_conv,OpenCL,8959.363636363636,1789.909090909091,0.19978082858969287
cell_stem_1/cell_base/_reduce_prev_layer_prev_1x1_path2_pooling,OpenCL,1214.4545454545455,86.0,0.0708136836589565
cell_stem_1/cell_base/_reduce_prev_layer_prev_1x1_path2_conv,OpenCL,9100.727272727272,942.2727272727273,0.10353817876693172
cell_stem_1/cell_base/_reduce_prev_layer_prev_1x1_concat,OpenCL,1225.2727272727273,289.8181818181818,0.23653361032794182
cell_stem_1/comb_iter_0/right/bf_relu_0,OpenCL,1216.2727272727273,74.27272727272727,0.061065849465580385
cell_stem_1/comb_iter_0/right/separable_depthwise7x7_1,OpenCL,9648.363636363636,199.0,0.02062525911129537
cell_stem_1/comb_iter_0/right/separable_pointwise7x7_1,OpenCL,3641.3636363636365,655.7272727272727,0.18007739358382224
cell_stem_1/comb_iter_0/right/separable_depthwise7x7_2,OpenCL,6537.545454545455,188.0,0.028756970227914284
cell_stem_1/comb_iter_0/right/separable_pointwise7x7_2,OpenCL,3590.181818181818,667.8181818181819,0.18601235693304977
cell_stem_1/comb_iter_0/add,OpenCL,1180.6363636363637,127.18181818181819,0.10772310772310772
cell_stem_1/comb_iter_3/right/pooling/avgpool_3,OpenCL,1169.1818181818182,95.0,0.0812534017572506
cell_stem_1/comb_iter_4/left/bf_relu_0,OpenCL,1110.909090909091,74.63636363636364,0.06718494271685761
cell_stem_1/comb_iter_4/left/separable_depthwise3x3_1,OpenCL,1170.1818181818182,133.9090909090909,0.1144344313238036
cell_stem_1/comb_iter_4/left/separable_pointwise3x3_1,OpenCL,3633.4545454545455,624.2727272727273,0.17181244995996797
cell_stem_1/comb_iter_4/left/separable_depthwise3x3_2,OpenCL,1187.090909090909,117.45454545454545,0.09894317659672232
cell_stem_1/comb_iter_4/left/separable_pointwise3x3_2,OpenCL,3560.6363636363635,580.8181818181819,0.16312201598284273
cell_stem_1/comb_iter_4/add,OpenCL,1217.0,46513.90909090909,38.22013894076343
cell_stem_1/comb_iter_1/right/bf_relu_0,OpenCL,1196.3,201.72727272727272,0.16862599074418852
cell_stem_1/comb_iter_1/right/separable_depthwise7x7_1,OpenCL,9665.363636363636,424.54545454545456,0.043924416143868925
cell_stem_1/comb_iter_1/right/separable_pointwise7x7_1,OpenCL,3530.5454545454545,1662.6363636363637,0.4709290349160573
cell_stem_1/comb_iter_1/right/separable_depthwise7x7_2,OpenCL,6524.545454545455,325.90909090909093,0.04995123310575449
cell_stem_1/comb_iter_1/right/separable_pointwise7x7_2,OpenCL,3558.2727272727275,773.8181818181819,0.21747017194246443
cell_stem_1/comb_iter_1/add,OpenCL,1216.7272727272727,20484.727272727272,16.835923490735205
cell_stem_1/comb_iter_3/add,OpenCL,1197.0,1194.6363636363637,0.9980253664464191
cell_stem_1/comb_iter_2/right/bf_relu_0,OpenCL,1201.2727272727273,126.36363636363636,0.10519146359921296
cell_stem_1/comb_iter_2/right/separable_depthwise5x5_1,OpenCL,8794.727272727272,406.09090909090907,0.04617436067064977
cell_stem_1/comb_iter_2/right/separable_pointwise5x5_1,OpenCL,3571.4545454545455,1587.3636363636363,0.44445858575573993
cell_stem_1/comb_iter_2/right/separable_depthwise5x5_2,OpenCL,5504.0,345.09090909090907,0.06269820295983086
cell_stem_1/comb_iter_2/right/separable_pointwise5x5_2,OpenCL,3635.7272727272725,786.9090909090909,0.21643787662840996
cell_stem_1/comb_iter_2/add,OpenCL,1174.4545454545455,20553.636363636364,17.500580540289494
cell_stem_1/cell_output/concat,CPU,1493.9,1969.8181818181818,1.318574323460862
cell_0/cell_base/relu,OpenCL,3605.818181818182,286.8181818181818,0.07954316256555062
cell_0/cell_base/Conv1x1,OpenCL,13405.454545454546,2370.2727272727275,0.1768140512681405
cell_0/comb_iter_0/left/bf_relu_0,OpenCL,1827.9,121.27272727272727,0.06634538392293192
cell_0/comb_iter_0/left/separable_depthwise5x5_1,OpenCL,14976.363636363636,393.8181818181818,0.026295981546679618
cell_0/comb_iter_0/left/separable_pointwise5x5_1,OpenCL,6777.0,1069.1818181818182,0.15776624143158008
cell_0/comb_iter_0/left/separable_depthwise5x5_2,OpenCL,14914.545454545454,228.9090909090909,0.015348043398756553
cell_0/comb_iter_0/left/separable_pointwise5x5_2,OpenCL,6703.909090909091,699.9090909090909,0.1044031297885901
cell_0/comb_iter_0/add,OpenCL,2140.0,56319.27272727273,26.317417162276975
cell_0/comb_iter_2/left/pooling/avgpool_3,OpenCL,2338.7272727272725,241.1818181818182,0.10312524294488068
cell_0/comb_iter_2/add,OpenCL,2173.5454545454545,4293.454545454545,1.9753231000878329
cell_0/comb_iter_4/left/bf_relu_0,OpenCL,1956.909090909091,122.9090909090909,0.06280776735111028
cell_0/comb_iter_4/left/separable_depthwise3x3_1,OpenCL,1215.3636363636363,531.9090909090909,0.43765427481487024
cell_0/comb_iter_4/left/separable_pointwise3x3_1,OpenCL,6741.909090909091,1862.4545454545455,0.2762503202491876
cell_0/comb_iter_4/left/separable_depthwise3x3_2,OpenCL,1216.7272727272727,125.0909090909091,0.10280932456664674
cell_0/comb_iter_4/left/separable_pointwise3x3_2,OpenCL,6569.0,694.0909090909091,0.1056615784884928
cell_0/comb_iter_4/add,OpenCL,2151.4545454545455,20509.272727272728,9.532747401335248
cell_0/cell_output/concat,CPU,3624.181818181818,5657.454545454545,1.5610294486529874
cell_1/cell_base/relu,OpenCL,9835.272727272728,301.3636363636364,0.03064110622250157
cell_1/cell_base/Conv1x1,OpenCL,41930.0,2396.4545454545455,0.05715369772131041
cell_1/comb_iter_0/left/bf_relu_0,OpenCL,1993.2727272727273,92.36363636363636,0.04633768129161726
cell_1/comb_iter_0/left/separable_depthwise5x5_1,OpenCL,14844.181818181818,430.90909090909093,0.029028820596989333
cell_1/comb_iter_0/left/separable_pointwise5x5_1,OpenCL,6721.545454545455,1069.0,0.15904080500967038
cell_1/comb_iter_0/left/separable_depthwise5x5_2,OpenCL,14884.545454545454,195.36363636363637,0.013125267208208637
cell_1/comb_iter_0/left/separable_pointwise5x5_2,OpenCL,6651.909090909091,660.1818181818181,0.09924696942777876
cell_1/comb_iter_2/left/pooling/avgpool_3,OpenCL,2287.909090909091,157.72727272727272,0.06893948424524178
cell_1/comb_iter_4/left/bf_relu_0,OpenCL,1930.5454545454545,67.36363636363636,0.0348935769448107
cell_1/comb_iter_4/left/separable_depthwise3x3_1,OpenCL,1211.0,161.9090909090909,0.1336986712709256
cell_1/comb_iter_4/left/separable_pointwise3x3_1,OpenCL,6680.727272727273,663.8181818181819,0.09936316133246245
cell_1/comb_iter_4/left/separable_depthwise3x3_2,OpenCL,1387.6,148.0,0.10665897953300664
cell_1/comb_iter_4/left/separable_pointwise3x3_2,OpenCL,6625.0,656.6363636363636,0.09911492281303602
cell_1/comb_iter_4/add,OpenCL,2191.181818181818,107158.27272727272,48.90432726216654
cell_2/cell_base/_reduce_prev_layer_relu,OpenCL,9807.454545454546,227.8181818181818,0.023229083628408816
cell_2/cell_base/_reduce_prev_layer_Conv1x1,OpenCL,42067.181818181816,51675.72727272727,1.2284095353968436
cell_2/comb_iter_0/right/bf_relu_0,OpenCL,2186.3636363636365,181.0909090909091,0.08282744282744282
cell_2/comb_iter_0/right/separable_depthwise3x3_1,OpenCL,1221.4545454545455,555.0,0.4543763024709735
cell_2/comb_iter_0/right/separable_pointwise3x3_1,OpenCL,6842.181818181818,1847.6363636363637,0.2700361394557823
cell_2/comb_iter_0/right/separable_depthwise3x3_2,OpenCL,1217.090909090909,255.9090909090909,0.21026292201971916
cell_2/comb_iter_0/right/separable_pointwise3x3_2,OpenCL,6638.363636363636,854.1818181818181,0.12867355043685463
cell_2/comb_iter_1/left/bf_relu_0,OpenCL,1751.4545454545455,81.72727272727273,0.046662514273850306
cell_2/comb_iter_1/left/separable_depthwise5x5_1,OpenCL,14916.90909090909,207.54545454545453,0.013913435637409651
cell_2/comb_iter_1/left/separable_pointwise5x5_1,OpenCL,6613.363636363636,703.7272727272727,0.10640988631833616
cell_2/comb_iter_1/left/separable_depthwise5x5_2,OpenCL,14885.818181818182,183.45454545454547,0.012324115692788745
cell_2/comb_iter_1/left/separable_pointwise5x5_2,OpenCL,6834.545454545455,626.5454545454545,0.09167331737164139
cell_2/comb_iter_1/right/bf_relu_0,OpenCL,1995.7272727272727,87.45454545454545,0.043820890083359904
cell_2/comb_iter_1/right/separable_depthwise3x3_1,OpenCL,1235.7272727272727,125.36363636363636,0.10144927536231883
cell_2/comb_iter_1/right/separable_pointwise3x3_1,OpenCL,6687.818181818182,607.9090909090909,0.09089796917054073
cell_2/comb_iter_1/right/separable_depthwise3x3_2,OpenCL,1216.1818181818182,123.0,0.10113619375093437
cell_2/comb_iter_1/right/separable_pointwise3x3_2,OpenCL,6620.454545454545,574.4545454545455,0.08676965327840715
cell_2/comb_iter_1/add,OpenCL,2073.4545454545455,70089.36363636363,33.80318309365135
cell_2/comb_iter_3/left/pooling/avgpool_3,OpenCL,2344.818181818182,266.1818181818182,0.11351917186833636
cell_2/comb_iter_3/right/pooling/avgpool_3,OpenCL,2323.3636363636365,85.27272727272727,0.03670227334976718
cell_2/comb_iter_3/add,OpenCL,2210.909090909091,6155.454545454545,2.784128289473684
cell_1/cell_base/_reduce_prev_layer_relu,OpenCL,3595.7272727272725,141.54545454545453,0.03936490278866331
cell_1/cell_base/_reduce_prev_layer_Conv1x1,OpenCL,13438.272727272728,16609.545454545456,1.2359881207676853
cell_1/comb_iter_0/right/bf_relu_0,OpenCL,1942.909090909091,177.0909090909091,0.09114729552685757
cell_1/comb_iter_0/right/separable_depthwise3x3_1,OpenCL,1227.8181818181818,517.8181818181819,0.42173848659854885
cell_1/comb_iter_0/right/separable_pointwise3x3_1,OpenCL,6688.545454545455,1652.7272727272727,0.24709815967597248
cell_1/comb_iter_0/right/separable_depthwise3x3_2,OpenCL,1230.090909090909,354.27272727272725,0.28800532111447785
cell_1/comb_iter_0/right/separable_pointwise3x3_2,OpenCL,6629.818181818182,799.0,0.12051612549363756
cell_1/comb_iter_0/add,OpenCL,2198.7272727272725,15000.363636363636,6.82229388902671
cell_1/comb_iter_1/left/bf_relu_0,OpenCL,1852.2727272727273,151.72727272727272,0.08191411042944785
cell_1/comb_iter_1/left/separable_depthwise5x5_1,OpenCL,14940.454545454546,436.1818181818182,0.02919468191913353
cell_1/comb_iter_1/left/separable_pointwise5x5_1,OpenCL,6664.818181818182,1678.7272727272727,0.2518789300669731
cell_1/comb_iter_1/left/separable_depthwise5x5_2,OpenCL,14937.09090909091,345.54545454545456,0.02313338364534898
cell_1/comb_iter_1/left/separable_pointwise5x5_2,OpenCL,6698.272727272727,820.8181818181819,0.12254176789131528
cell_1/comb_iter_1/right/bf_relu_0,OpenCL,2074.5454545454545,87.0,0.04193689745836985
cell_1/comb_iter_1/right/separable_depthwise3x3_1,OpenCL,1258.4545454545455,159.0909090909091,0.1264176840280286
cell_1/comb_iter_1/right/separable_pointwise3x3_1,OpenCL,6701.181818181818,613.0,0.09147640172018505
cell_1/comb_iter_1/right/separable_depthwise3x3_2,OpenCL,1216.3636363636363,118.45454545454545,0.09738415545590434
cell_1/comb_iter_1/right/separable_pointwise3x3_2,OpenCL,6629.363636363636,581.7272727272727,0.08775009256338878
cell_1/comb_iter_1/add,OpenCL,2028.363636363636,55998.72727272727,27.60783434922912
cell_1/comb_iter_2/add,OpenCL,2138.818181818182,2427.5454545454545,1.1349938368682788
cell_1/comb_iter_3/left/pooling/avgpool_3,OpenCL,2327.6363636363635,166.27272727272728,0.0714341509139197
cell_1/comb_iter_3/right/pooling/avgpool_3,OpenCL,2295.090909090909,72.72727272727273,0.031688188227838074
cell_1/comb_iter_3/add,OpenCL,2171.181818181818,11512.181818181818,5.302265209563288
cell_1/cell_output/concat,CPU,4025.3000000000006,5677.727272727273,1.4105103402795498
cell_2/cell_base/relu,OpenCL,9922.363636363636,297.1818181818182,0.029950708225679367
cell_2/cell_base/Conv1x1,OpenCL,42246.818181818184,2329.090909090909,0.05513056389399954
cell_2/comb_iter_0/left/bf_relu_0,OpenCL,1822.4,89.36363636363636,0.04903623593263628
cell_2/comb_iter_0/left/separable_depthwise5x5_1,OpenCL,14959.727272727272,419.45454545454544,0.02803891660640386
cell_2/comb_iter_0/left/separable_pointwise5x5_1,OpenCL,6773.181818181818,1036.3636363636363,0.15300986510972417
cell_2/comb_iter_0/left/separable_depthwise5x5_2,OpenCL,14880.363636363636,187.1818181818182,0.01257911585738374
cell_2/comb_iter_0/left/separable_pointwise5x5_2,OpenCL,6611.363636363636,676.5454545454545,0.10233069783430732
cell_2/comb_iter_0/add,OpenCL,2031.1818181818185,91323.54545454546,44.960793089558244
cell_2/comb_iter_2/left/pooling/avgpool_3,OpenCL,2303.7272727272725,235.45454545454547,0.10220591136892784
cell_2/comb_iter_2/add,OpenCL,2162.0,4334.454545454545,2.0048355899419725
cell_2/comb_iter_4/left/bf_relu_0,OpenCL,1975.6363636363637,132.1818181818182,0.06690594515000921
cell_2/comb_iter_4/left/separable_depthwise3x3_1,OpenCL,1212.1818181818182,554.5454545454545,0.45747712614369274
cell_2/comb_iter_4/left/separable_pointwise3x3_1,OpenCL,6781.272727272727,1957.4545454545455,0.28865592406896
cell_2/comb_iter_4/left/separable_depthwise3x3_2,OpenCL,1229.0,188.45454545454547,0.15333974406391007
cell_2/comb_iter_4/left/separable_pointwise3x3_2,OpenCL,6688.363636363636,726.8181818181819,0.10866905888109608
cell_2/comb_iter_4/add,OpenCL,2222.909090909091,20398.363636363636,9.176427286111565
cell_2/cell_output/concat,CPU,3905.1,5818.454545454545,1.4899630087461384
cell_3/cell_base/relu,OpenCL,9814.545454545454,317.3636363636364,0.03233605038903298
cell_3/cell_base/Conv1x1,OpenCL,41490.63636363636,2322.4545454545455,0.055975389846997244
cell_3/comb_iter_0/left/bf_relu_0,OpenCL,1988.5,94.63636363636364,0.04759183486867671
cell_3/comb_iter_0/left/separable_depthwise5x5_1,OpenCL,14858.818181818182,411.90909090909093,0.027721524408523865
cell_3/comb_iter_0/left/separable_pointwise5x5_1,OpenCL,6721.545454545455,1049.6363636363637,0.15615997403194612
cell_3/comb_iter_0/left/separable_depthwise5x5_2,OpenCL,14912.818181818182,194.27272727272728,0.013027230997128767
cell_3/comb_iter_0/left/separable_pointwise5x5_2,OpenCL,6609.636363636364,708.4545454545455,0.10718510164223036
cell_3/comb_iter_2/left/pooling/avgpool_3,OpenCL,2371.6363636363635,144.36363636363637,0.060870898497393446
cell_3/comb_iter_4/left/bf_relu_0,OpenCL,1977.6363636363637,63.36363636363637,0.032040084582145814
cell_3/comb_iter_4/left/separable_depthwise3x3_1,OpenCL,1213.0,162.0909090909091,0.13362811961328036
cell_3/comb_iter_4/left/separable_pointwise3x3_1,OpenCL,6734.181818181818,650.4545454545455,0.09658998866029483
cell_3/comb_iter_4/left/separable_depthwise3x3_2,OpenCL,1300.4,202.0909090909091,0.15540672799977628
cell_3/comb_iter_4/left/separable_pointwise3x3_2,OpenCL,6582.363636363636,656.3636363636364,0.09971549319117201
cell_3/comb_iter_4/add,OpenCL,2163.818181818182,107019.36363636363,49.45857490967145
cell_4/cell_base/_reduce_prev_layer_relu,OpenCL,9765.90909090909,225.1818181818182,0.0230579474051664
cell_4/cell_base/_reduce_prev_layer_Conv1x1,OpenCL,41723.72727272727,51128.181818181816,1.225398236451463
cell_4/comb_iter_0/right/bf_relu_0,OpenCL,2220.3636363636365,176.36363636363637,0.07943006878480184
cell_4/comb_iter_0/right/separable_depthwise3x3_1,OpenCL,1220.2727272727273,566.6363636363636,0.4643522312448782
cell_4/comb_iter_0/right/separable_pointwise3x3_1,OpenCL,6856.090909090909,1829.4545454545455,0.26683638967341583
cell_4/comb_iter_0/right/separable_depthwise3x3_2,OpenCL,1215.4545454545455,308.72727272727275,0.25400149588631266
cell_4/comb_iter_0/right/separable_pointwise3x3_2,OpenCL,6593.181818181818,847.3636363636364,0.12852119958634953
cell_4/comb_iter_1/left/bf_relu_0,OpenCL,1771.0,88.9090909090909,0.05020276166521226
cell_4/comb_iter_1/left/separable_depthwise5x5_1,OpenCL,14949.636363636364,211.9090909090909,0.014174865913430548
cell_4/comb_iter_1/left/separable_pointwise5x5_1,OpenCL,6657.181818181818,654.3636363636364,0.0982943915661828
cell_4/comb_iter_1/left/separable_depthwise5x5_2,OpenCL,14857.363636363636,184.45454545454547,0.012415025301197449
cell_4/comb_iter_1/left/separable_pointwise5x5_2,OpenCL,6754.363636363636,626.5454545454545,0.0927615817384048
cell_4/comb_iter_1/right/bf_relu_0,OpenCL,2012.1818181818182,57.18181818181818,0.028417818740399385
cell_4/comb_iter_1/right/separable_depthwise3x3_1,OpenCL,1214.6363636363637,113.72727272727273,0.09363071626375272
cell_4/comb_iter_1/right/separable_pointwise3x3_1,OpenCL,6630.0,604.1818181818181,0.09112847936377347
cell_4/comb_iter_1/right/separable_depthwise3x3_2,OpenCL,1228.7272727272727,113.36363636363636,0.09226102397158922
cell_4/comb_iter_1/right/separable_pointwise3x3_2,OpenCL,6570.818181818182,591.1818181818181,0.08997080756512955
cell_4/comb_iter_1/add,OpenCL,2066.818181818182,70214.0,33.972025511326144
cell_4/comb_iter_3/left/pooling/avgpool_3,OpenCL,2268.4545454545455,266.27272727272725,0.11738067567026007
cell_4/comb_iter_3/right/pooling/avgpool_3,OpenCL,2272.4545454545455,88.72727272727273,0.039044685362243474
cell_4/comb_iter_3/add,OpenCL,2151.090909090909,6189.090909090909,2.8771870509677964
cell_3/cell_base/_reduce_prev_layer_relu,OpenCL,10057.363636363636,152.1818181818182,0.015131382704666867
cell_3/cell_base/_reduce_prev_layer_Conv1x1,OpenCL,42102.09090909091,51463.63636363636,1.2223534568570336
cell_3/comb_iter_0/right/bf_relu_0,OpenCL,2291.181818181818,162.63636363636363,0.07098361306193707
cell_3/comb_iter_0/right/separable_depthwise3x3_1,OpenCL,1234.2727272727273,616.6363636363636,0.4995949031450247
cell_3/comb_iter_0/right/separable_pointwise3x3_1,OpenCL,6748.363636363636,1820.7272727272727,0.26980278047203365
cell_3/comb_iter_0/right/separable_depthwise3x3_2,OpenCL,1219.8181818181818,235.36363636363637,0.1929497689670592
cell_3/comb_iter_0/right/separable_pointwise3x3_2,OpenCL,6601.636363636364,743.7272727272727,0.11265801867305626
cell_3/comb_iter_0/add,OpenCL,2117.3636363636365,15038.727272727272,7.102571808853204
cell_3/comb_iter_1/left/bf_relu_0,OpenCL,1812.8181818181818,172.1818181818182,0.0949801915651171
cell_3/comb_iter_1/left/separable_depthwise5x5_1,OpenCL,15026.545454545454,449.3636363636364,0.029904653582750528
cell_3/comb_iter_1/left/separable_pointwise5x5_1,OpenCL,6615.636363636364,1789.0,0.27041994173583245
cell_3/comb_iter_1/left/separable_depthwise5x5_2,OpenCL,14851.181818181818,354.8181818181818,0.02389157887648978
cell_3/comb_iter_1/left/separable_pointwise5x5_2,OpenCL,6509.545454545455,803.6363636363636,0.12345506598701207
cell_3/comb_iter_1/right/bf_relu_0,OpenCL,2003.090909090909,74.0909090909091,0.03698829082327312
cell_3/comb_iter_1/right/separable_depthwise3x3_1,OpenCL,1223.2,152.54545454545453,0.1247101492359831
cell_3/comb_iter_1/right/separable_pointwise3x3_1,OpenCL,6657.181818181818,679.0909090909091,0.10200876701853091
cell_3/comb_iter_1/right/separable_depthwise3x3_2,OpenCL,1213.909090909091,117.63636363636364,0.09690706208342695
cell_3/comb_iter_1/right/separable_pointwise3x3_2,OpenCL,6576.272727272727,596.2727272727273,0.09067031615034767
cell_3/comb_iter_1/add,OpenCL,2153.3636363636365,56146.181818181816,26.073711318444715
cell_3/comb_iter_2/add,OpenCL,2287.909090909091,2504.5454545454545,1.0946874875829458
cell_3/comb_iter_3/left/pooling/avgpool_3,OpenCL,2361.2727272727275,201.0909090909091,0.08516208516208515
cell_3/comb_iter_3/right/pooling/avgpool_3,OpenCL,2338.4545454545455,85.18181818181819,0.036426544337752206
cell_3/comb_iter_3/add,OpenCL,2200.4545454545455,12149.90909090909,5.521545135302623
cell_3/cell_output/concat,CPU,4165.9,5863.636363636364,1.4075317131079392
cell_4/cell_base/relu,OpenCL,9869.727272727272,281.3636363636364,0.02850774176315087
cell_4/cell_base/Conv1x1,OpenCL,42026.63636363636,2420.5454545454545,0.057595507610974
cell_4/comb_iter_0/left/bf_relu_0,OpenCL,1790.3636363636363,99.18181818181819,0.05539758302020921
cell_4/comb_iter_0/left/separable_depthwise5x5_1,OpenCL,14950.454545454546,399.8181818181818,0.02674287799093977
cell_4/comb_iter_0/left/separable_pointwise5x5_1,OpenCL,7151.272727272727,1029.0,0.1438904708634191
cell_4/comb_iter_0/left/separable_depthwise5x5_2,OpenCL,14882.272727272728,193.8181818181818,0.013023426285085977
cell_4/comb_iter_0/left/separable_pointwise5x5_2,OpenCL,6527.727272727273,669.4545454545455,0.10255553234454426
cell_4/comb_iter_0/add,OpenCL,2064.3636363636365,91650.36363636363,44.3964241676942
cell_4/comb_iter_2/left/pooling/avgpool_3,OpenCL,2338.4545454545455,222.1818181818182,0.0950122458500175
cell_4/comb_iter_2/add,OpenCL,2140.3636363636365,4326.090909090909,2.0211943594971116
cell_4/comb_iter_4/left/bf_relu_0,OpenCL,1873.6363636363637,119.36363636363636,0.06370693837942745
cell_4/comb_iter_4/left/separable_depthwise3x3_1,OpenCL,1210.4545454545455,572.7272727272727,0.4731505820503192
cell_4/comb_iter_4/left/separable_pointwise3x3_1,OpenCL,6696.545454545455,1935.6363636363637,0.2890499850669273
cell_4/comb_iter_4/left/separable_depthwise3x3_2,OpenCL,1218.4545454545455,168.36363636363637,0.13817801984630307
cell_4/comb_iter_4/left/separable_pointwise3x3_2,OpenCL,6915.909090909091,688.7272727272727,0.09958593493263228
cell_4/comb_iter_4/add,OpenCL,2299.909090909091,20006.636363636364,8.69888137871062
cell_4/cell_output/concat,CPU,3845.7272727272725,5872.181818181818,1.5269366238801032
cell_5/cell_base/relu,OpenCL,9808.0,302.3636363636364,0.03082826635028919
cell_5/cell_base/Conv1x1,OpenCL,42505.72727272727,2392.3636363636365,0.056283324386232444
cell_5/comb_iter_0/left/bf_relu_0,OpenCL,1975.6,114.72727272727273,0.05807211618104512
cell_5/comb_iter_0/left/separable_depthwise5x5_1,OpenCL,14930.0,429.09090909090907,0.028740181452840526
cell_5/comb_iter_0/left/separable_pointwise5x5_1,OpenCL,6760.909090909091,1050.5454545454545,0.1553852359822509
cell_5/comb_iter_0/left/separable_depthwise5x5_2,OpenCL,14868.363636363636,194.45454545454547,0.01307840931324594
cell_5/comb_iter_0/left/separable_pointwise5x5_2,OpenCL,6678.0,654.0909090909091,0.09794712624901304
cell_5/comb_iter_2/left/pooling/avgpool_3,OpenCL,2314.909090909091,165.63636363636363,0.07155199497329563
cell_5/comb_iter_4/left/bf_relu_0,OpenCL,1931.8181818181818,66.54545454545455,0.034447058823529414
cell_5/comb_iter_4/left/separable_depthwise3x3_1,OpenCL,1253.090909090909,161.54545454545453,0.1289175856065003
cell_5/comb_iter_4/left/separable_pointwise3x3_1,OpenCL,6740.181818181818,676.9090909090909,0.10042890669256292
cell_5/comb_iter_4/left/separable_depthwise3x3_2,OpenCL,1348.2727272727273,150.45454545454547,0.11159058728339291
cell_5/comb_iter_4/left/separable_pointwise3x3_2,OpenCL,6536.181818181818,642.7272727272727,0.0983337505911152
cell_5/comb_iter_4/add,OpenCL,2164.7272727272725,107558.81818181818,49.68700655131867
reduction_cell_0/cell_base/_reduce_prev_layer_relu,OpenCL,9799.454545454546,213.63636363636363,0.021800842347440487
reduction_cell_0/cell_base/_reduce_prev_layer_Conv1x1,OpenCL,77717.09090909091,2250.4545454545455,0.028957009573183857
reduction_cell_0/comb_iter_0/right/bf_relu_0,OpenCL,3354.6363636363635,92.72727272727273,0.027641527329882662
reduction_cell_0/comb_iter_0/right/separable_depthwise7x7_1,OpenCL,13150.90909090909,381.8181818181818,0.029033596018249692
reduction_cell_0/comb_iter_0/right/separable_pointwise7x7_1,OpenCL,6500.272727272727,1077.7272727272727,0.16579723927667372
reduction_cell_0/comb_iter_0/right/separable_depthwise7x7_2,OpenCL,8693.0,210.72727272727272,0.024241029877749076
reduction_cell_0/comb_iter_0/right/separable_pointwise7x7_2,OpenCL,6268.0,722.0909090909091,0.11520276150142136
reduction_cell_0/comb_iter_1/right/bf_relu_0,OpenCL,3275.6363636363635,81.0,0.02472801953818828
reduction_cell_0/comb_iter_1/right/separable_depthwise7x7_1,OpenCL,12998.545454545454,192.72727272727272,0.01482683377161081
reduction_cell_0/comb_iter_1/right/separable_pointwise7x7_1,OpenCL,6396.818181818182,643.1818181818181,0.1005471470191146
reduction_cell_0/comb_iter_1/right/separable_depthwise7x7_2,OpenCL,8677.181818181818,189.45454545454547,0.021833649383440373
reduction_cell_0/comb_iter_1/right/separable_pointwise7x7_2,OpenCL,6190.545454545455,666.9090909090909,0.10773026315789472
reduction_cell_0/comb_iter_2/right/bf_relu_0,OpenCL,3309.0,74.45454545454545,0.02250061814885024
reduction_cell_0/comb_iter_2/right/separable_depthwise5x5_1,OpenCL,11190.636363636364,203.9090909090909,0.01822140263369538
reduction_cell_0/comb_iter_2/right/separable_pointwise5x5_1,OpenCL,6112.727272727273,712.7272727272727,0.11659726353361094
reduction_cell_0/comb_iter_2/right/separable_depthwise5x5_2,OpenCL,7086.545454545455,222.8181818181818,0.03144242610837438
reduction_cell_0/comb_iter_2/right/separable_pointwise5x5_2,OpenCL,6197.454545454545,663.2727272727273,0.10702341137123746
cell_6/cell_base/_reduce_prev_layer_relue,OpenCL,3323.2727272727275,83.27272727272727,0.025057446110077687
cell_6/cell_base/_reduce_prev_layer_prev_1x1_path1_pooling,OpenCL,1172.7272727272727,98.72727272727273,0.08418604651162791
cell_6/cell_base/_reduce_prev_layer_prev_1x1_path1_conv,OpenCL,3722.181818181818,654.0,0.17570339976553342
cell_6/cell_base/_reduce_prev_layer_prev_1x1_path2_pooling,OpenCL,1178.3636363636363,97.54545454545455,0.08278043511803734
cell_6/cell_base/_reduce_prev_layer_prev_1x1_path2_conv,OpenCL,3611.5454545454545,7746.636363636364,2.144964381906512
cell_6/cell_base/_reduce_prev_layer_prev_1x1_concat,OpenCL,1172.1818181818182,184027.81818181818,156.9959671164883
cell_6/comb_iter_0/right/bf_relu_0,OpenCL,1130.2727272727273,201.9090909090909,0.17863749698383335
cell_6/comb_iter_0/right/separable_depthwise3x3_1,OpenCL,1983.2727272727273,570.0909090909091,0.28744957829116247
cell_6/comb_iter_0/right/separable_pointwise3x3_1,OpenCL,6023.454545454545,1932.0,0.3207461740469076
cell_6/comb_iter_0/right/separable_depthwise3x3_2,OpenCL,1970.0,295.6363636363636,0.15006922011998153
cell_6/comb_iter_0/right/separable_pointwise3x3_2,OpenCL,6020.181818181818,763.0,0.12674035818912144
cell_6/comb_iter_1/left/bf_relu_0,OpenCL,1209.4545454545455,100.18181818181819,0.0828322309079976
cell_6/comb_iter_1/left/separable_depthwise5x5_1,OpenCL,7151.363636363636,189.8181818181818,0.026542935231678638
cell_6/comb_iter_1/left/separable_pointwise5x5_1,OpenCL,6103.272727272727,621.3636363636364,0.10180826978074357
cell_6/comb_iter_1/left/separable_depthwise5x5_2,OpenCL,7137.636363636364,149.54545454545453,0.020951677407850828
cell_6/comb_iter_1/left/separable_pointwise5x5_2,OpenCL,6159.181818181818,598.2727272727273,0.09713509763693524
cell_6/comb_iter_1/right/bf_relu_0,OpenCL,1207.2727272727273,63.27272727272727,0.05240963855421687
cell_6/comb_iter_1/right/separable_depthwise3x3_1,OpenCL,1984.1818181818182,134.0909090909091,0.06757995051773115
cell_6/comb_iter_1/right/separable_pointwise3x3_1,OpenCL,6115.363636363636,625.7272727272727,0.10232053397553109
cell_6/comb_iter_1/right/separable_depthwise3x3_2,OpenCL,2008.363636363636,126.0,0.06273764258555134
cell_6/comb_iter_1/right/separable_pointwise3x3_2,OpenCL,6061.818181818182,602.4545454545455,0.09938512297540493
cell_6/comb_iter_1/add,OpenCL,1227.6363636363637,46584.454545454544,37.94646030805687
cell_6/comb_iter_3/left/pooling/avgpool_3,OpenCL,1211.909090909091,234.0909090909091,0.19315880279048833
cell_6/comb_iter_3/right/pooling/avgpool_3,OpenCL,1199.6363636363637,82.0,0.06835404668081237
cell_6/comb_iter_3/add,OpenCL,1197.6363636363637,1647.1818181818182,1.3753605586761803
cell_5/cell_base/_reduce_prev_layer_relu,OpenCL,10137.363636363636,163.0909090909091,0.016088098931943934
cell_5/cell_base/_reduce_prev_layer_Conv1x1,OpenCL,41662.63636363636,50741.545454545456,1.217914896495443
cell_5/comb_iter_0/right/bf_relu_0,OpenCL,2272.818181818182,166.0909090909091,0.07307707691692332
cell_5/comb_iter_0/right/separable_depthwise3x3_1,OpenCL,1232.7272727272727,610.8181818181819,0.49550147492625374
cell_5/comb_iter_0/right/separable_pointwise3x3_1,OpenCL,6780.727272727273,1841.1818181818182,0.27153161366439643
cell_5/comb_iter_0/right/separable_depthwise3x3_2,OpenCL,1229.4545454545455,378.09090909090907,0.30752735876959475
cell_5/comb_iter_0/right/separable_pointwise3x3_2,OpenCL,6793.545454545455,777.9090909090909,0.1145070856026442
cell_5/comb_iter_0/add,OpenCL,2153.818181818182,14954.272727272728,6.943145365524227
cell_5/comb_iter_1/left/bf_relu_0,OpenCL,1849.0,157.36363636363637,0.08510742907714244
cell_5/comb_iter_1/left/separable_depthwise5x5_1,OpenCL,14971.727272727272,439.8181818181818,0.029376582528280577
cell_5/comb_iter_1/left/separable_pointwise5x5_1,OpenCL,6659.454545454545,1720.7272727272727,0.2583886204166326
cell_5/comb_iter_1/left/separable_depthwise5x5_2,OpenCL,14732.545454545454,343.45454545454544,0.023312641153167384
cell_5/comb_iter_1/left/separable_pointwise5x5_2,OpenCL,6649.636363636364,806.4545454545455,0.12127799196128292
cell_5/comb_iter_1/right/bf_relu_0,OpenCL,1934.7272727272727,74.45454545454545,0.03848322526078376
cell_5/comb_iter_1/right/separable_depthwise3x3_1,OpenCL,1231.6363636363637,155.63636363636363,0.12636551520519632
cell_5/comb_iter_1/right/separable_pointwise3x3_1,OpenCL,6699.727272727273,620.0,0.09254108036962155
cell_5/comb_iter_1/right/separable_depthwise3x3_2,OpenCL,1217.4545454545455,120.9090909090909,0.09931302270011946
cell_5/comb_iter_1/right/separable_pointwise3x3_2,OpenCL,6639.909090909091,582.4545454545455,0.08772025903969113
cell_5/comb_iter_1/add,OpenCL,2097.181818181818,56204.90909090909,26.80020807143786
cell_5/comb_iter_2/add,OpenCL,2108.090909090909,2407.2727272727275,1.1419207382810816
cell_5/comb_iter_3/left/pooling/avgpool_3,OpenCL,2271.7272727272725,185.63636363636363,0.0817159550202089
cell_5/comb_iter_3/right/pooling/avgpool_3,OpenCL,2334.5454545454545,81.0909090909091,0.03473520249221184
cell_5/comb_iter_3/add,OpenCL,2157.909090909091,12174.0,5.641572229009563
cell_5/cell_output/concat,CPU,3865.5555555555557,5817.0,1.5048289738430582
reduction_cell_0/cell_base/relu,OpenCL,9821.545454545454,288.90909090909093,0.02941584827420236
reduction_cell_0/cell_base/Conv1x1,OpenCL,79020.81818181818,2340.3636363636365,0.02961705143293655
reduction_cell_0/comb_iter_0/left/bf_relu_0,OpenCL,3546.181818181818,93.18181818181819,0.026276661197703038
reduction_cell_0/comb_iter_0/left/separable_depthwise5x5_1,OpenCL,11206.636363636364,424.3636363636364,0.03786717286023703
reduction_cell_0/comb_iter_0/left/separable_pointwise5x5_1,OpenCL,6437.181818181818,1087.6363636363637,0.16896157268143883
reduction_cell_0/comb_iter_0/left/separable_depthwise5x5_2,OpenCL,7014.090909090909,233.27272727272728,0.033257727950230055
reduction_cell_0/comb_iter_0/left/separable_pointwise5x5_2,OpenCL,6175.363636363636,687.6363636363636,0.11135155824463779
reduction_cell_0/comb_iter_0/add,OpenCL,1233.6363636363637,108.0909090909091,0.08761974944731024
reduction_cell_0/comb_iter_3/right/pooling/avgpool_3,OpenCL,1186.4545454545455,132.0909090909091,0.11133246494521493
reduction_cell_0/comb_iter_4/left/bf_relu_0,OpenCL,1122.0,76.36363636363636,0.06806028196402528
reduction_cell_0/comb_iter_4/left/separable_depthwise3x3_1,OpenCL,1987.6363636363637,162.8181818181818,0.08191547749725575
reduction_cell_0/comb_iter_4/left/separable_pointwise3x3_1,OpenCL,6174.545454545455,723.7272727272727,0.11721142520612485
reduction_cell_0/comb_iter_4/left/separable_depthwise3x3_2,OpenCL,1949.2727272727273,166.72727272727272,0.08553306594534092
reduction_cell_0/comb_iter_4/left/separable_pointwise3x3_2,OpenCL,6044.454545454545,645.6363636363636,0.10681466107175623
reduction_cell_0/comb_iter_1/left/pooling/maxpool_3,OpenCL,1744.2727272727273,141.36363636363637,0.08104445718455204
reduction_cell_0/comb_iter_1/add,OpenCL,1214.4545454545455,128106.27272727272,105.48461711205928
reduction_cell_0/comb_iter_3/add,OpenCL,1196.2727272727273,1144.090909090909,0.9563796641082148
reduction_cell_0/comb_iter_2/left/pooling/avgpool_3,OpenCL,1523.909090909091,176.36363636363637,0.11573107439002565
reduction_cell_0/comb_iter_2/add,OpenCL,1201.1818181818182,1762.1818181818182,1.4670400363278588
reduction_cell_0/comb_iter_4/right/pooling/maxpool_3,OpenCL,1781.3636363636363,168.1818181818182,0.09441183975503956
reduction_cell_0/comb_iter_4/add,OpenCL,1199.3636363636363,5001.0,4.169711210490412
reduction_cell_0/cell_output/concat,CPU,1911.3,3181.0,1.664312248208026
cell_6/cell_base/relu,OpenCL,1202.0,288.0,0.23960066555740434
cell_6/cell_base/Conv1x1,OpenCL,24306.272727272728,2237.818181818182,0.09206751717663604
cell_6/comb_iter_0/left/bf_relu_0,OpenCL,1146.8181818181818,99.81818181818181,0.08703923900118907
cell_6/comb_iter_0/left/separable_depthwise5x5_1,OpenCL,7131.363636363636,394.09090909090907,0.055261648288609855
cell_6/comb_iter_0/left/separable_pointwise5x5_1,OpenCL,6233.272727272727,1034.5454545454545,0.16597147274159205
cell_6/comb_iter_0/left/separable_depthwise5x5_2,OpenCL,7144.909090909091,201.1818181818182,0.028157365702216455
cell_6/comb_iter_0/left/separable_pointwise5x5_2,OpenCL,6254.0,687.1818181818181,0.10987876849725266
cell_6/comb_iter_0/add,OpenCL,1181.6363636363637,44610.181818181816,37.75288505923988
cell_6/comb_iter_2/left/pooling/avgpool_3,OpenCL,1180.3636363636363,227.36363636363637,0.19262168823166978
cell_6/comb_iter_2/add,OpenCL,1151.3636363636363,1203.0,1.0448480063166208
cell_6/comb_iter_4/left/bf_relu_0,OpenCL,1129.090909090909,138.0909090909091,0.12230273752012884
cell_6/comb_iter_4/left/separable_depthwise3x3_1,OpenCL,1978.7272727272727,521.0,0.26330056050721307
cell_6/comb_iter_4/left/separable_pointwise3x3_1,OpenCL,6227.727272727273,1770.4545454545455,0.28428581855339025
cell_6/comb_iter_4/left/separable_depthwise3x3_2,OpenCL,1949.0,237.8181818181818,0.12202061663323849
cell_6/comb_iter_4/left/separable_pointwise3x3_2,OpenCL,6046.909090909091,748.0909090909091,0.12371459498466535
cell_6/comb_iter_4/add,OpenCL,1217.3636363636363,15661.0,12.864685236352775
cell_6/cell_output/concat,CPU,2869.5454545454545,4972.363636363636,1.7328053223507047
cell_7/cell_base/relu,OpenCL,1194.0,265.90909090909093,0.22270443124714484
cell_7/cell_base/Conv1x1,OpenCL,36393.09090909091,2106.2727272727275,0.057875620747194774
cell_7/comb_iter_0/left/bf_relu_0,OpenCL,1214.1818181818182,89.18181818181819,0.07345013477088949
cell_7/comb_iter_0/left/separable_depthwise5x5_1,OpenCL,7087.545454545455,432.45454545454544,0.061016123032720644
cell_7/comb_iter_0/left/separable_pointwise5x5_1,OpenCL,6232.818181818182,1069.2727272727273,0.17155525736205715
cell_7/comb_iter_0/left/separable_depthwise5x5_2,OpenCL,7102.090909090909,220.63636363636363,0.031066395299719673
cell_7/comb_iter_0/left/separable_pointwise5x5_2,OpenCL,6208.363636363636,688.1818181818181,0.11084753704679903
cell_7/comb_iter_2/left/pooling/avgpool_3,OpenCL,1210.0,146.36363636363637,0.12096168294515403
cell_7/comb_iter_4/left/bf_relu_0,OpenCL,967.4,66.9090909090909,0.06916383182663935
cell_7/comb_iter_4/left/separable_depthwise3x3_1,OpenCL,2054.6363636363635,161.0909090909091,0.07840361045971418
cell_7/comb_iter_4/left/separable_pointwise3x3_1,OpenCL,6196.272727272727,646.9090909090909,0.10440294018398157
cell_7/comb_iter_4/left/separable_depthwise3x3_2,OpenCL,2042.6363636363635,146.0909090909091,0.07152076193867106
cell_7/comb_iter_4/left/separable_pointwise3x3_2,OpenCL,6142.818181818182,615.6363636363636,0.10022050879815304
cell_7/comb_iter_4/add,OpenCL,1170.2727272727273,70409.90909090909,60.16538491416142
cell_8/cell_base/_reduce_prev_layer_relu,OpenCL,1217.8181818181818,202.8181818181818,0.16654225141833384
cell_8/cell_base/_reduce_prev_layer_Conv1x1,OpenCL,36671.72727272727,37840.818181818184,1.0318798975678565
cell_8/comb_iter_0/right/bf_relu_0,OpenCL,1220.090909090909,160.9090909090909,0.13188287012890249
cell_8/comb_iter_0/right/separable_depthwise3x3_1,OpenCL,1957.5454545454545,538.6363636363636,0.2751590581897553
cell_8/comb_iter_0/right/separable_pointwise3x3_1,OpenCL,6228.272727272727,1576.909090909091,0.253185619827473
cell_8/comb_iter_0/right/separable_depthwise3x3_2,OpenCL,1933.090909090909,320.27272727272725,0.1656790820165538
cell_8/comb_iter_0/right/separable_pointwise3x3_2,OpenCL,6005.454545454545,857.0,0.14270360278534666
cell_8/comb_iter_1/left/bf_relu_0,OpenCL,1206.4545454545455,80.54545454545455,0.06676211287770326
cell_8/comb_iter_1/left/separable_depthwise5x5_1,OpenCL,7037.636363636364,167.0909090909091,0.02374247552122355
cell_8/comb_iter_1/left/separable_pointwise5x5_1,OpenCL,6015.818181818182,650.3636363636364,0.10810892495542056
cell_8/comb_iter_1/left/separable_depthwise5x5_2,OpenCL,7073.090909090909,158.0,0.022338183126831525
cell_8/comb_iter_1/left/separable_pointwise5x5_2,OpenCL,6147.818181818182,595.5454545454545,0.09687102593676987
cell_8/comb_iter_1/right/bf_relu_0,OpenCL,1172.5454545454545,65.45454545454545,0.055822608156303306
cell_8/comb_iter_1/right/separable_depthwise3x3_1,OpenCL,1958.6363636363637,131.0909090909091,0.06692968206080296
cell_8/comb_iter_1/right/separable_pointwise3x3_1,OpenCL,6097.181818181818,621.8181818181819,0.10198452340127333
cell_8/comb_iter_1/right/separable_depthwise3x3_2,OpenCL,2010.727272727273,131.9090909090909,0.06560267655303371
cell_8/comb_iter_1/right/separable_pointwise3x3_2,OpenCL,6142.818181818182,584.1818181818181,0.09509996892157878
cell_8/comb_iter_1/add,OpenCL,1234.0,47186.63636363636,38.23876528657728
cell_8/comb_iter_3/left/pooling/avgpool_3,OpenCL,1211.5454545454545,270.6363636363636,0.22338110602536204
cell_8/comb_iter_3/right/pooling/avgpool_3,OpenCL,1192.1818181818182,83.9090909090909,0.07038279701082811
cell_8/comb_iter_3/add,OpenCL,1205.2727272727273,1676.6363636363637,1.391084628149042
cell_7/cell_base/_reduce_prev_layer_relu,OpenCL,1206.090909090909,148.0,0.12271048466118943
cell_7/cell_base/_reduce_prev_layer_Conv1x1,OpenCL,24596.0,24851.272727272728,1.01037862771478
cell_7/comb_iter_0/right/bf_relu_0,OpenCL,525.5714285714286,182.72727272727272,0.347673527885542
cell_7/comb_iter_0/right/separable_depthwise3x3_1,OpenCL,2095.5454545454545,516.5454545454545,0.24649689818229142
cell_7/comb_iter_0/right/separable_pointwise3x3_1,OpenCL,6342.090909090909,1584.5454545454545,0.24984590685606983
cell_7/comb_iter_0/right/separable_depthwise3x3_2,OpenCL,2098.5454545454545,206.0,0.09816322994281754
cell_7/comb_iter_0/right/separable_pointwise3x3_2,OpenCL,6107.181818181818,895.7272727272727,0.14666785751499725
cell_7/comb_iter_0/add,OpenCL,1069.1818181818182,11501.181818181818,10.756993452937675
cell_7/comb_iter_1/left/bf_relu_0,OpenCL,314.6666666666667,181.0,0.5752118644067796
cell_7/comb_iter_1/left/separable_depthwise5x5_1,OpenCL,6970.909090909091,408.09090909090907,0.05854199269692227
cell_7/comb_iter_1/left/separable_pointwise5x5_1,OpenCL,6195.818181818182,1269.6363636363637,0.20491827332218213
cell_7/comb_iter_1/left/separable_depthwise5x5_2,OpenCL,7105.454545454545,315.1818181818182,0.04435772773797339
cell_7/comb_iter_1/left/separable_pointwise5x5_2,OpenCL,6138.909090909091,774.7272727272727,0.1261995024286222
cell_7/comb_iter_1/right/bf_relu_0,OpenCL,1168.909090909091,68.0,0.05817389951780992
cell_7/comb_iter_1/right/separable_depthwise3x3_1,OpenCL,1965.5454545454545,142.1818181818182,0.07233707969104113
cell_7/comb_iter_1/right/separable_pointwise3x3_1,OpenCL,6187.909090909091,616.0,0.09954897380522132
cell_7/comb_iter_1/right/separable_depthwise3x3_2,OpenCL,2056.3636363636365,114.0,0.055437665782493366
cell_7/comb_iter_1/right/separable_pointwise3x3_2,OpenCL,6059.090909090909,684.2727272727273,0.11293323330832708
cell_7/comb_iter_1/add,OpenCL,1229.1818181818182,34169.454545454544,27.798535611271355
cell_7/comb_iter_2/add,OpenCL,1207.2727272727273,1234.909090909091,1.0228915662650604
cell_7/comb_iter_3/left/pooling/avgpool_3,OpenCL,1204.3636363636363,186.27272727272728,0.15466485507246377
cell_7/comb_iter_3/right/pooling/avgpool_3,OpenCL,1191.6363636363637,77.81818181818181,0.06530363137015562
cell_7/comb_iter_3/add,OpenCL,1205.3636363636363,5393.636363636364,4.474696432611812
cell_7/cell_output/concat,CPU,3061.8,4848.818181818182,1.5836495466125096
cell_8/cell_base/relu,OpenCL,1192.0,291.8181818181818,0.24481391092129345
cell_8/cell_base/Conv1x1,OpenCL,36436.27272727273,2126.181818181818,0.05835343900558634
cell_8/comb_iter_0/left/bf_relu_0,OpenCL,1150.5,86.0909090909091,0.0748291256765833
cell_8/comb_iter_0/left/separable_depthwise5x5_1,OpenCL,7135.636363636364,399.3636363636364,0.05596748713244662
cell_8/comb_iter_0/left/separable_pointwise5x5_1,OpenCL,6202.181818181818,1083.8181818181818,0.17474788930581614
cell_8/comb_iter_0/left/separable_depthwise5x5_2,OpenCL,7104.454545454545,191.63636363636363,0.026974113552316728
cell_8/comb_iter_0/left/separable_pointwise5x5_2,OpenCL,6102.545454545455,662.0909090909091,0.10849421999761649
cell_8/comb_iter_0/add,OpenCL,1224.1818181818182,57244.181818181816,46.761176295856224
cell_8/comb_iter_2/left/pooling/avgpool_3,OpenCL,1207.7272727272727,238.0909090909091,0.19713963116296576
cell_8/comb_iter_2/add,OpenCL,1204.090909090909,1114.6363636363637,0.9257078142695359
cell_8/comb_iter_4/left/bf_relu_0,OpenCL,1197.6363636363637,145.8181818181818,0.12175497191437679
cell_8/comb_iter_4/left/separable_depthwise3x3_1,OpenCL,1960.3636363636363,513.0909090909091,0.2617325171582267
cell_8/comb_iter_4/left/separable_pointwise3x3_1,OpenCL,6137.727272727273,1815.909090909091,0.2958601792194327
cell_8/comb_iter_4/left/separable_depthwise3x3_2,OpenCL,2016.909090909091,231.45454545454547,0.11475705399801676
cell_8/comb_iter_4/left/separable_pointwise3x3_2,OpenCL,6050.818181818182,806.0909090909091,0.13322015054312716
cell_8/comb_iter_4/add,OpenCL,1217.5454545454545,16130.363636363636,13.248264018517135
cell_8/cell_output/concat,CPU,3067.7272727272725,4812.181818181818,1.5686472069936288
cell_9/cell_base/relu,OpenCL,1371.2,269.8181818181818,0.19677522011244297
cell_9/cell_base/Conv1x1,OpenCL,36482.181818181816,2041.8181818181818,0.05596754580068975
cell_9/comb_iter_0/left/bf_relu_0,OpenCL,1215.1818181818182,111.27272727272727,0.09156878880825914
cell_9/comb_iter_0/left/separable_depthwise5x5_1,OpenCL,7157.727272727273,428.72727272727275,0.059897123261573634
cell_9/comb_iter_0/left/separable_pointwise5x5_1,OpenCL,6179.090909090909,1052.5454545454545,0.17033985581874356
cell_9/comb_iter_0/left/separable_depthwise5x5_2,OpenCL,7216.0,207.0909090909091,0.02869885103809716
cell_9/comb_iter_0/left/separable_pointwise5x5_2,OpenCL,6245.181818181818,674.2727272727273,0.1079668690044689
cell_9/comb_iter_2/left/pooling/avgpool_3,OpenCL,1219.909090909091,170.27272727272728,0.13957821000074522
cell_9/comb_iter_4/left/bf_relu_0,OpenCL,1078.0,64.72727272727273,0.060043852251644464
cell_9/comb_iter_4/left/separable_depthwise3x3_1,OpenCL,1973.5454545454545,162.63636363636363,0.08240821778985674
cell_9/comb_iter_4/left/separable_pointwise3x3_1,OpenCL,6176.454545454545,697.1818181818181,0.11287734946497696
cell_9/comb_iter_4/left/separable_depthwise3x3_2,OpenCL,1984.8181818181818,143.0,0.0720469014794119
cell_9/comb_iter_4/left/separable_pointwise3x3_2,OpenCL,6055.181818181818,655.8181818181819,0.10830693470656239
cell_9/comb_iter_4/add,OpenCL,1227.3636363636363,70556.18181818182,57.48596400266648
cell_10/cell_base/_reduce_prev_layer_relu,OpenCL,1194.6363636363637,196.36363636363637,0.1643710524313218
cell_10/cell_base/_reduce_prev_layer_Conv1x1,OpenCL,36567.63636363636,37762.90909090909,1.0326866280168256
cell_10/comb_iter_0/right/bf_relu_0,OpenCL,1213.8181818181818,171.36363636363637,0.14117735170760937
cell_10/comb_iter_0/right/separable_depthwise3x3_1,OpenCL,1951.2727272727273,668.8181818181819,0.34275997018263143
cell_10/comb_iter_0/right/separable_pointwise3x3_1,OpenCL,6127.909090909091,1668.4545454545455,0.27227142581630986
cell_10/comb_iter_0/right/separable_depthwise3x3_2,OpenCL,1980.3636363636363,342.09090909090907,0.1727414616232097
cell_10/comb_iter_0/right/separable_pointwise3x3_2,OpenCL,6001.909090909091,841.1818181818181,0.14015237575922812
cell_10/comb_iter_1/left/bf_relu_0,OpenCL,1128.2727272727273,71.72727272727273,0.0635726371766981
cell_10/comb_iter_1/left/separable_depthwise5x5_1,OpenCL,7147.181818181818,199.1818181818182,0.027868581386178915
cell_10/comb_iter_1/left/separable_pointwise5x5_1,OpenCL,6106.0,635.6363636363636,0.10410028883661376
cell_10/comb_iter_1/left/separable_depthwise5x5_2,OpenCL,7122.818181818182,157.72727272727272,0.02214394200456918
cell_10/comb_iter_1/left/separable_pointwise5x5_2,OpenCL,6099.363636363636,587.0909090909091,0.09625445277450703
cell_10/comb_iter_1/right/bf_relu_0,OpenCL,1144.4545454545455,61.45454545454545,0.0536976725712924
cell_10/comb_iter_1/right/separable_depthwise3x3_1,OpenCL,1974.6363636363637,122.72727272727273,0.06215183463008149
cell_10/comb_iter_1/right/separable_pointwise3x3_1,OpenCL,6117.636363636364,596.6363636363636,0.09752726840431539
cell_10/comb_iter_1/right/separable_depthwise3x3_2,OpenCL,2043.636363636364,119.54545454545455,0.05849644128113878
cell_10/comb_iter_1/right/separable_pointwise3x3_2,OpenCL,6329.090909090909,584.3636363636364,0.09232979029014651
cell_10/comb_iter_1/add,OpenCL,1164.090909090909,46558.63636363636,39.9957048028114
cell_10/comb_iter_3/left/pooling/avgpool_3,OpenCL,1207.1818181818182,280.72727272727275,0.23254763159876496
cell_10/comb_iter_3/right/pooling/avgpool_3,OpenCL,1195.5454545454545,84.0,0.070260816667934
cell_10/comb_iter_3/add,OpenCL,1200.0,1670.6363636363637,1.3921969696969698
cell_9/cell_base/_reduce_prev_layer_relu,OpenCL,1199.2727272727273,151.0,0.12590964220739842
cell_9/cell_base/_reduce_prev_layer_Conv1x1,OpenCL,36557.36363636364,37458.545454545456,1.024651170887099
cell_9/comb_iter_0/right/bf_relu_0,OpenCL,1048.9,217.63636363636363,0.20749009785142875
cell_9/comb_iter_0/right/separable_depthwise3x3_1,OpenCL,2039.3636363636363,523.4545454545455,0.256675433513128
cell_9/comb_iter_0/right/separable_pointwise3x3_1,OpenCL,6324.818181818182,1650.090909090909,0.2608914377703994
cell_9/comb_iter_0/right/separable_depthwise3x3_2,OpenCL,2034.727272727273,318.3636363636364,0.1564650165311411
cell_9/comb_iter_0/right/separable_pointwise3x3_2,OpenCL,6097.181818181818,844.5454545454545,0.13851406760202178
cell_9/comb_iter_0/add,OpenCL,1230.1818181818182,11638.454545454546,9.460759680756725
cell_9/comb_iter_1/left/bf_relu_0,OpenCL,1209.3636363636363,169.63636363636363,0.14026911223032398
cell_9/comb_iter_1/left/separable_depthwise5x5_1,OpenCL,7060.545454545455,428.09090909090907,0.06063142172894187
cell_9/comb_iter_1/left/separable_pointwise5x5_1,OpenCL,6210.545454545455,1320.8181818181818,0.21267345863340942
cell_9/comb_iter_1/left/separable_depthwise5x5_2,OpenCL,7073.272727272727,328.54545454545456,0.04644885998509113
cell_9/comb_iter_1/left/separable_pointwise5x5_2,OpenCL,6057.454545454545,765.3636363636364,0.12635070236522994
cell_9/comb_iter_1/right/bf_relu_0,OpenCL,1210.4545454545455,69.63636363636364,0.05752910251595945
cell_9/comb_iter_1/right/separable_depthwise3x3_1,OpenCL,1971.4545454545455,142.54545454545453,0.0723047127178825
cell_9/comb_iter_1/right/separable_pointwise3x3_1,OpenCL,6060.727272727273,602.7272727272727,0.09944801103977921
cell_9/comb_iter_1/right/separable_depthwise3x3_2,OpenCL,1967.6363636363637,115.18181818181819,0.058538163001293664
cell_9/comb_iter_1/right/separable_pointwise3x3_2,OpenCL,6014.636363636364,690.6363636363636,0.11482595486767128
cell_9/comb_iter_1/add,OpenCL,1219.6363636363637,34220.90909090909,28.058288610614188
cell_9/comb_iter_2/add,OpenCL,1198.0,1290.8181818181818,1.077477614205494
cell_9/comb_iter_3/left/pooling/avgpool_3,OpenCL,1206.909090909091,192.36363636363637,0.15938535703525158
cell_9/comb_iter_3/right/pooling/avgpool_3,OpenCL,1197.909090909091,83.18181818181819,0.06943917431888898
cell_9/comb_iter_3/add,OpenCL,1196.4545454545455,4839.818181818182,4.045133348529747
cell_9/cell_output/concat,CPU,2878.7,4798.0,1.6667245631708758
cell_10/cell_base/relu,OpenCL,1192.090909090909,283.1818181818182,0.23755052238236865
cell_10/cell_base/Conv1x1,OpenCL,36475.454545454544,2110.818181818182,0.057869551130274414
cell_10/comb_iter_0/left/bf_relu_0,OpenCL,1214.1818181818182,84.72727272727273,0.06978137166816412
cell_10/comb_iter_0/left/separable_depthwise5x5_1,OpenCL,7187.909090909091,390.90909090909093,0.054384256390150126
cell_10/comb_iter_0/left/separable_pointwise5x5_1,OpenCL,6243.181818181818,1089.6363636363637,0.1745322169639607
cell_10/comb_iter_0/left/separable_depthwise5x5_2,OpenCL,7497.636363636364,206.72727272727272,0.027572325823896012
cell_10/comb_iter_0/left/separable_pointwise5x5_2,OpenCL,6222.090909090909,704.2727272727273,0.1131890770422103
cell_10/comb_iter_0/add,OpenCL,1176.6363636363637,57428.36363636364,48.80723170825929
cell_10/comb_iter_2/left/pooling/avgpool_3,OpenCL,1209.6363636363637,241.0909090909091,0.19930858259431833
cell_10/comb_iter_2/add,OpenCL,1138.6363636363637,1224.8181818181818,1.0756886227544908
cell_10/comb_iter_4/left/bf_relu_0,OpenCL,1121.4545454545455,139.8181818181818,0.12467574578469519
cell_10/comb_iter_4/left/separable_depthwise3x3_1,OpenCL,1991.1818181818182,532.7272727272727,0.26754325891430397
cell_10/comb_iter_4/left/separable_pointwise3x3_1,OpenCL,6296.0,1741.4545454545455,0.2765969735474183
cell_10/comb_iter_4/left/separable_depthwise3x3_2,OpenCL,1965.909090909091,187.45454545454547,0.09535260115606936
cell_10/comb_iter_4/left/separable_pointwise3x3_2,OpenCL,6061.272727272727,752.0909090909091,0.12408135105138436
cell_10/comb_iter_4/add,OpenCL,1218.5454545454545,16298.636363636364,13.37548492987168
cell_10/cell_output/concat,CPU,2873.818181818182,4985.181818181818,1.7346893584714664
cell_11/cell_base/relu,OpenCL,1189.7272727272727,267.45454545454544,0.22480323985634598
cell_11/cell_base/Conv1x1,OpenCL,36523.09090909091,2118.0,0.05799071073343389
cell_11/comb_iter_0/left/bf_relu_0,OpenCL,1214.5454545454545,95.45454545454545,0.07859281437125748
cell_11/comb_iter_0/left/separable_depthwise5x5_1,OpenCL,7143.727272727273,451.8181818181818,0.06324684083938865
cell_11/comb_iter_0/left/separable_pointwise5x5_1,OpenCL,6185.454545454545,1072.6363636363637,0.17341269841269843
cell_11/comb_iter_0/left/separable_depthwise5x5_2,OpenCL,7079.090909090909,204.63636363636363,0.028907152947219725
cell_11/comb_iter_0/left/separable_pointwise5x5_2,OpenCL,6213.636363636364,675.0909090909091,0.10864667154352597
cell_11/comb_iter_2/left/pooling/avgpool_3,OpenCL,1221.1818181818182,149.8181818181818,0.12268294498622793
cell_11/comb_iter_4/left/bf_relu_0,OpenCL,1076.3636363636363,70.0,0.06503378378378379
cell_11/comb_iter_4/left/separable_depthwise3x3_1,OpenCL,1985.3636363636363,169.45454545454547,0.08535189340171255
cell_11/comb_iter_4/left/separable_pointwise3x3_1,OpenCL,6152.818181818182,661.7272727272727,0.10754864733086095
cell_11/comb_iter_4/left/separable_depthwise3x3_2,OpenCL,2026.8181818181818,152.0909090909091,0.0750392464678179
cell_11/comb_iter_4/left/separable_pointwise3x3_2,OpenCL,6084.818181818182,642.0909090909091,0.10552343388164284
cell_11/comb_iter_4/add,OpenCL,1223.090909090909,70541.09090909091,57.67444626133493
reduction_cell_1/cell_base/_reduce_prev_layer_relu,OpenCL,1196.0,200.1818181818182,0.16737610215871085
reduction_cell_1/cell_base/_reduce_prev_layer_Conv1x1,OpenCL,103198.54545454546,1996.5454545454545,0.019346643363542824
reduction_cell_1/comb_iter_0/right/bf_relu_0,OpenCL,703.3,89.0909090909091,0.12667554257203056
reduction_cell_1/comb_iter_0/right/separable_depthwise7x7_1,OpenCL,7046.454545454545,390.45454545454544,0.05541148998206706
reduction_cell_1/comb_iter_0/right/separable_pointwise7x7_1,OpenCL,10829.90909090909,1087.6363636363637,0.10042894677198669
reduction_cell_1/comb_iter_0/right/separable_depthwise7x7_2,OpenCL,4895.0,219.8181818181818,0.04490667657164082
reduction_cell_1/comb_iter_0/right/separable_pointwise7x7_2,OpenCL,10537.363636363636,676.0909090909091,0.06416129616688666
reduction_cell_1/comb_iter_1/right/bf_relu_0,OpenCL,1214.2727272727273,79.9090909090909,0.06580819046193008
reduction_cell_1/comb_iter_1/right/separable_depthwise7x7_1,OpenCL,6716.454545454545,197.1818181818182,0.02935802168351809
reduction_cell_1/comb_iter_1/right/separable_pointwise7x7_1,OpenCL,10603.272727272728,647.4545454545455,0.0610617648067492
reduction_cell_1/comb_iter_1/right/separable_depthwise7x7_2,OpenCL,4760.181818181818,201.0909090909091,0.042244375692295943
reduction_cell_1/comb_iter_1/right/separable_pointwise7x7_2,OpenCL,10237.727272727272,649.9090909090909,0.06348177418638724
reduction_cell_1/comb_iter_2/right/bf_relu_0,OpenCL,1141.6363636363637,77.45454545454545,0.06784519827998088
reduction_cell_1/comb_iter_2/right/separable_depthwise5x5_1,OpenCL,5838.818181818182,218.63636363636363,0.037445311161972375
reduction_cell_1/comb_iter_2/right/separable_pointwise5x5_1,OpenCL,10514.818181818182,645.0,0.061342002196035035
reduction_cell_1/comb_iter_2/right/separable_depthwise5x5_2,OpenCL,4037.0909090909095,194.72727272727272,0.04823455233291298
reduction_cell_1/comb_iter_2/right/separable_pointwise5x5_2,OpenCL,10392.09090909091,695.2727272727273,0.06690402666363406
cell_12/cell_base/_reduce_prev_layer_relue,OpenCL,1217.2727272727273,74.0909090909091,0.06086631814787155
cell_12/cell_base/_reduce_prev_layer_prev_1x1_path1_pooling,OpenCL,1217.6363636363637,82.36363636363636,0.06764222786322233
cell_12/cell_base/_reduce_prev_layer_prev_1x1_path1_conv,OpenCL,4085.0909090909095,721.0909090909091,0.1765177140822503
cell_12/cell_base/_reduce_prev_layer_prev_1x1_path2_pooling,OpenCL,1168.0,76.9090909090909,0.06584682440846824
cell_12/cell_base/_reduce_prev_layer_prev_1x1_path2_conv,OpenCL,4034.545454545454,610.0909090909091,0.151216764308247
cell_12/cell_base/_reduce_prev_layer_prev_1x1_concat,OpenCL,1178.8181818181818,197893.9090909091,167.87483612246473
cell_12/comb_iter_0/right/bf_relu_0,OpenCL,1117.2727272727273,192.72727272727272,0.17249796582587468
cell_12/comb_iter_0/right/separable_depthwise3x3_1,OpenCL,1163.3636363636363,558.7272727272727,0.48026881300304763
cell_12/comb_iter_0/right/separable_pointwise3x3_1,OpenCL,10460.363636363636,1900.1818181818182,0.181655426545227
cell_12/comb_iter_0/right/separable_depthwise3x3_2,OpenCL,1219.090909090909,430.27272727272725,0.3529455630126771
cell_12/comb_iter_0/right/separable_pointwise3x3_2,OpenCL,10455.363636363636,991.9090909090909,0.09487083619542819
cell_12/comb_iter_1/left/bf_relu_0,OpenCL,430.3333333333333,67.27272727272727,0.1563270192239983
cell_12/comb_iter_1/left/separable_depthwise5x5_1,OpenCL,4005.727272727272,209.36363636363637,0.05226607357647006
cell_12/comb_iter_1/left/separable_pointwise5x5_1,OpenCL,10426.09090909091,639.5454545454545,0.061340866881163504
cell_12/comb_iter_1/left/separable_depthwise5x5_2,OpenCL,4005.6363636363635,169.54545454545453,0.04232672143797376
cell_12/comb_iter_1/left/separable_pointwise5x5_2,OpenCL,10366.0,633.8181818181819,0.06114394962552401
cell_12/comb_iter_1/right/bf_relu_0,OpenCL,1075.0,67.0909090909091,0.06241014799154334
cell_12/comb_iter_1/right/separable_depthwise3x3_1,OpenCL,1102.5454545454545,133.27272727272728,0.12087730870712403
cell_12/comb_iter_1/right/separable_pointwise3x3_1,OpenCL,10756.90909090909,623.9090909090909,0.05800077751297264
cell_12/comb_iter_1/right/separable_depthwise3x3_2,OpenCL,1190.909090909091,132.9090909090909,0.1116030534351145
cell_12/comb_iter_1/right/separable_pointwise3x3_2,OpenCL,10494.727272727272,619.6363636363636,0.059042636128965195
cell_12/comb_iter_1/add,OpenCL,1205.2727272727273,60594.09090909091,50.274174083572184
cell_12/comb_iter_3/left/pooling/avgpool_3,OpenCL,1176.7272727272727,255.54545454545453,0.21716625463535227
cell_12/comb_iter_3/right/pooling/avgpool_3,OpenCL,1197.6363636363637,88.45454545454545,0.07385759829968118
cell_12/comb_iter_3/add,OpenCL,1161.5454545454545,1680.4545454545455,1.4467402363622135
cell_11/cell_base/_reduce_prev_layer_relu,OpenCL,1187.1818181818182,141.63636363636363,0.11930469408071061
cell_11/cell_base/_reduce_prev_layer_Conv1x1,OpenCL,36523.0,37618.90909090909,1.0300059987106505
cell_11/comb_iter_0/right/bf_relu_0,OpenCL,1223.0,190.8181818181818,0.15602467851036944
cell_11/comb_iter_0/right/separable_depthwise3x3_1,OpenCL,1979.5454545454545,569.1818181818181,0.2875315729047072
cell_11/comb_iter_0/right/separable_pointwise3x3_1,OpenCL,6171.727272727273,1580.6363636363637,0.25610923713709144
cell_11/comb_iter_0/right/separable_depthwise3x3_2,OpenCL,1966.2727272727273,369.72727272727275,0.18803458319848354
cell_11/comb_iter_0/right/separable_pointwise3x3_2,OpenCL,5991.363636363636,837.0,0.13970108489492453
cell_11/comb_iter_0/add,OpenCL,1229.909090909091,11601.0,9.432404464483701
cell_11/comb_iter_1/left/bf_relu_0,OpenCL,1196.6363636363637,163.8181818181818,0.13689888323330546
cell_11/comb_iter_1/left/separable_depthwise5x5_1,OpenCL,7056.454545454545,400.72727272727275,0.05678875562025741
cell_11/comb_iter_1/left/separable_pointwise5x5_1,OpenCL,6104.636363636364,1219.2727272727273,0.19972896903992493
cell_11/comb_iter_1/left/separable_depthwise5x5_2,OpenCL,7059.0,314.45454545454544,0.044546613607387084
cell_11/comb_iter_1/left/separable_pointwise5x5_2,OpenCL,6050.545454545455,778.5454545454545,0.1286735981729671
cell_11/comb_iter_1/right/bf_relu_0,OpenCL,1100.1818181818182,65.9090909090909,0.0599074533135019
cell_11/comb_iter_1/right/separable_depthwise3x3_1,OpenCL,1971.3,148.0,0.07507736011768884
cell_11/comb_iter_1/right/separable_pointwise3x3_1,OpenCL,6194.818181818182,611.5454545454545,0.09871887061033414
cell_11/comb_iter_1/right/separable_depthwise3x3_2,OpenCL,2050.4545454545455,116.63636363636364,0.05688317446242518
cell_11/comb_iter_1/right/separable_pointwise3x3_2,OpenCL,6087.0,697.2727272727273,0.11455112982959212
cell_11/comb_iter_1/add,OpenCL,1229.8181818181818,34574.72727272727,28.113690124186874
cell_11/comb_iter_2/add,OpenCL,1199.6363636363637,1258.090909090909,1.048726886935435
cell_11/comb_iter_3/left/pooling/avgpool_3,OpenCL,1205.1818181818182,197.63636363636363,0.16398883608659576
cell_11/comb_iter_3/right/pooling/avgpool_3,OpenCL,1196.1818181818182,79.0909090909091,0.06611947104423165
cell_11/comb_iter_3/add,OpenCL,1198.090909090909,5784.909090909091,4.828439183549587
cell_11/cell_output/concat,CPU,3060.5454545454545,4872.818181818182,1.5921404384245232
reduction_cell_1/cell_base/relu,OpenCL,1202.1818181818182,342.27272727272725,0.2847096188747731
reduction_cell_1/cell_base/Conv1x1,OpenCL,102042.45454545454,2130.818181818182,0.020881682935890322
reduction_cell_1/comb_iter_0/left/bf_relu_0,OpenCL,1058.8,86.18181818181819,0.0813957481883436
reduction_cell_1/comb_iter_0/left/separable_depthwise5x5_1,OpenCL,5938.272727272727,410.6363636363636,0.06915080908130616
reduction_cell_1/comb_iter_0/left/separable_pointwise5x5_1,OpenCL,10786.636363636364,1064.909090909091,0.09872485314319908
reduction_cell_1/comb_iter_0/left/separable_depthwise5x5_2,OpenCL,4025.818181818182,215.27272727272728,0.053473037665974166
reduction_cell_1/comb_iter_0/left/separable_pointwise5x5_2,OpenCL,10539.363636363636,688.5454545454545,0.06533083763898113
reduction_cell_1/comb_iter_0/add,OpenCL,1243.909090909091,102.0909090909091,0.082072644887817
reduction_cell_1/comb_iter_3/right/pooling/avgpool_3,OpenCL,1216.4545454545455,129.0909090909091,0.10612061878783349
reduction_cell_1/comb_iter_4/left/bf_relu_0,OpenCL,1200.2727272727273,67.27272727272727,0.0560478679088086
reduction_cell_1/comb_iter_4/left/separable_depthwise3x3_1,OpenCL,1219.2727272727273,156.63636363636363,0.12846704443781687
reduction_cell_1/comb_iter_4/left/separable_pointwise3x3_1,OpenCL,10468.272727272728,702.1818181818181,0.06707714218721504
reduction_cell_1/comb_iter_4/left/separable_depthwise3x3_2,OpenCL,1224.8181818181818,131.1818181818182,0.10710309507904699
reduction_cell_1/comb_iter_4/left/separable_pointwise3x3_2,OpenCL,10423.545454545454,622.3636363636364,0.0597074804420063
reduction_cell_1/comb_iter_1/left/pooling/maxpool_3,OpenCL,1253.4545454545455,136.27272727272728,0.10871772555845663
reduction_cell_1/comb_iter_1/add,OpenCL,1212.7272727272727,145705.27272727274,120.14677661169415
reduction_cell_1/comb_iter_3/add,OpenCL,1199.6363636363637,1140.4545454545455,0.9506668687481055
reduction_cell_1/comb_iter_2/left/pooling/avgpool_3,OpenCL,1224.909090909091,186.72727272727272,0.15244173964672703
reduction_cell_1/comb_iter_2/add,OpenCL,1148.8181818181818,1398.1818181818182,1.217061011315977
reduction_cell_1/comb_iter_4/right/pooling/maxpool_3,OpenCL,1216.090909090909,156.54545454545453,0.12872841444270017
reduction_cell_1/comb_iter_4/add,OpenCL,1156.5454545454545,3059.2727272727275,2.6451815752240218
reduction_cell_1/cell_output/concat,CPU,1413.909090909091,2152.818181818182,1.52260014145181
cell_12/cell_base/relu,OpenCL,1178.090909090909,238.1818181818182,0.20217609383440083
cell_12/cell_base/Conv1x1,OpenCL,57975.63636363636,1972.090909090909,0.034015856190374644
cell_12/comb_iter_0/left/bf_relu_0,OpenCL,1239.4545454545455,132.36363636363637,0.10679184391961274
cell_12/comb_iter_0/left/separable_depthwise5x5_1,OpenCL,4021.727272727272,393.0,0.09771920703451707
cell_12/comb_iter_0/left/separable_pointwise5x5_1,OpenCL,10439.181818181818,1001.6363636363636,0.09594969999390408
cell_12/comb_iter_0/left/separable_depthwise5x5_2,OpenCL,3986.090909090909,318.27272727272725,0.07984582753666157
cell_12/comb_iter_0/left/separable_pointwise5x5_2,OpenCL,10409.636363636364,704.7272727272727,0.06769950919602466
cell_12/comb_iter_0/add,OpenCL,1233.6363636363637,79409.09090909091,64.36993367722918
cell_12/comb_iter_2/left/pooling/avgpool_3,OpenCL,1211.1818181818182,239.54545454545453,0.1977782781655783
cell_12/comb_iter_2/add,OpenCL,1204.5454545454545,1090.7272727272727,0.9055094339622642
cell_12/comb_iter_4/left/bf_relu_0,OpenCL,1195.1818181818182,155.72727272727272,0.130295884992774
cell_12/comb_iter_4/left/separable_depthwise3x3_1,OpenCL,1214.090909090909,519.1818181818181,0.4276301010857357
cell_12/comb_iter_4/left/separable_pointwise3x3_1,OpenCL,10501.454545454546,1364.909090909091,0.12997333702690536
cell_12/comb_iter_4/left/separable_depthwise3x3_2,OpenCL,1173.3636363636363,413.1818181818182,0.3521345006585574
cell_12/comb_iter_4/left/separable_pointwise3x3_2,OpenCL,10462.636363636364,1004.3636363636364,0.09599527322333151
cell_12/comb_iter_4/add,OpenCL,1195.8181818181818,21560.727272727272,18.030104911053673
cell_12/cell_output/concat,CPU,2226.6666666666665,3734.5454545454545,1.6771910724006533
cell_13/cell_base/relu,OpenCL,1201.7272727272727,272.1818181818182,0.22649217036084424
cell_13/cell_base/Conv1x1,OpenCL,55846.27272727273,2035.8181818181818,0.03645396697753085
cell_13/comb_iter_0/left/bf_relu_0,OpenCL,1224.7272727272727,77.72727272727273,0.06346496437054633
cell_13/comb_iter_0/left/separable_depthwise5x5_1,OpenCL,4002.8181818181824,469.09090909090907,0.11719016147714108
cell_13/comb_iter_0/left/separable_pointwise5x5_1,OpenCL,10436.818181818182,1013.1818181818181,0.09707765341230783
cell_13/comb_iter_0/left/separable_depthwise5x5_2,OpenCL,3973.818181818182,321.27272727272725,0.08084736456808199
cell_13/comb_iter_0/left/separable_pointwise5x5_2,OpenCL,10459.545454545454,670.6363636363636,0.06411716135761159
cell_13/comb_iter_2/left/pooling/avgpool_3,OpenCL,1226.1818181818182,125.18181818181819,0.10209074733096085
cell_13/comb_iter_4/left/bf_relu_0,OpenCL,1198.7272727272727,62.90909090909091,0.05247990292734718
cell_13/comb_iter_4/left/separable_depthwise3x3_1,OpenCL,1211.5454545454545,153.45454545454547,0.1266601635776994
cell_13/comb_iter_4/left/separable_pointwise3x3_1,OpenCL,10376.545454545454,616.3636363636364,0.05939969511660914
cell_13/comb_iter_4/left/separable_depthwise3x3_2,OpenCL,1218.7272727272727,128.9090909090909,0.10577353423840072
cell_13/comb_iter_4/left/separable_pointwise3x3_2,OpenCL,10532.727272727272,610.0,0.0579147246677024
cell_13/comb_iter_4/add,OpenCL,1243.1818181818182,95981.09090909091,77.20599634369287
cell_14/cell_base/_reduce_prev_layer_relu,OpenCL,1200.4545454545455,212.63636363636363,0.17712987504733055
cell_14/cell_base/_reduce_prev_layer_Conv1x1,OpenCL,54405.63636363636,55357.09090909091,1.0174881613201843
cell_14/comb_iter_0/right/bf_relu_0,OpenCL,1224.1818181818182,175.54545454545453,0.14339818802911034
cell_14/comb_iter_0/right/separable_depthwise3x3_1,OpenCL,1216.6363636363637,548.0,0.4504221773892251
cell_14/comb_iter_0/right/separable_pointwise3x3_1,OpenCL,10576.363636363636,1300.6363636363637,0.12297576070139249
cell_14/comb_iter_0/right/separable_depthwise3x3_2,OpenCL,1220.090909090909,444.09090909090907,0.3639818195365472
cell_14/comb_iter_0/right/separable_pointwise3x3_2,OpenCL,10337.181818181818,1007.3636363636364,0.09745050963424179
cell_14/comb_iter_1/left/bf_relu_0,OpenCL,1213.090909090909,78.45454545454545,0.06467326139088729
cell_14/comb_iter_1/left/separable_depthwise5x5_1,OpenCL,3969.2727272727275,209.36363636363637,0.05274609500251935
cell_14/comb_iter_1/left/separable_pointwise5x5_1,OpenCL,10308.181818181818,625.6363636363636,0.060693182820354526
cell_14/comb_iter_1/left/separable_depthwise5x5_2,OpenCL,3894.818181818182,162.36363636363637,0.041687090073057445
cell_14/comb_iter_1/left/separable_pointwise5x5_2,OpenCL,10355.09090909091,600.7272727272727,0.05801274735308061
cell_14/comb_iter_1/right/bf_relu_0,OpenCL,1142.6363636363637,60.63636363636363,0.05306706977484286
cell_14/comb_iter_1/right/separable_depthwise3x3_1,OpenCL,1145.7272727272727,145.0,0.126557168928033
cell_14/comb_iter_1/right/separable_pointwise3x3_1,OpenCL,10337.454545454546,614.0,0.059395666244547625
cell_14/comb_iter_1/right/separable_depthwise3x3_2,OpenCL,1076.4545454545455,131.36363636363637,0.12203361202601132
cell_14/comb_iter_1/right/separable_pointwise3x3_2,OpenCL,10748.90909090909,626.7272727272727,0.058306128317461396
cell_14/comb_iter_1/add,OpenCL,1099.909090909091,60443.63636363636,54.95330192577898
cell_14/comb_iter_3/left/pooling/avgpool_3,OpenCL,1210.1818181818182,264.8181818181818,0.21882512019230768
cell_14/comb_iter_3/right/pooling/avgpool_3,OpenCL,1137.6363636363637,84.18181818181819,0.07399712322199137
cell_14/comb_iter_3/add,OpenCL,1048.8,1658.909090909091,1.5817211011719023
cell_13/cell_base/_reduce_prev_layer_relu,OpenCL,1101.2727272727273,152.8181818181818,0.13876506521380222
cell_13/cell_base/_reduce_prev_layer_Conv1x1,OpenCL,56926.545454545456,57496.545454545456,1.0100129033906533
cell_13/comb_iter_0/right/bf_relu_0,OpenCL,1225.5454545454545,152.63636363636363,0.12454565685038202
cell_13/comb_iter_0/right/separable_depthwise3x3_1,OpenCL,1215.8181818181818,538.7272727272727,0.4430985494242561
cell_13/comb_iter_0/right/separable_pointwise3x3_1,OpenCL,10374.727272727272,1424.7272727272727,0.13732672052715517
cell_13/comb_iter_0/right/separable_depthwise3x3_2,OpenCL,1220.8181818181818,426.8181818181818,0.34961650160101276
cell_13/comb_iter_0/right/separable_pointwise3x3_2,OpenCL,10381.181818181818,1000.7272727272727,0.09639820304221801
cell_13/comb_iter_0/add,OpenCL,1230.4545454545455,17890.272727272728,14.539564093091984
cell_13/comb_iter_1/left/bf_relu_0,OpenCL,1197.1818181818182,163.9090909090909,0.13691244589566404
cell_13/comb_iter_1/left/separable_depthwise5x5_1,OpenCL,4002.1818181818176,439.45454545454544,0.10980374341268401
cell_13/comb_iter_1/left/separable_pointwise5x5_1,OpenCL,10495.0,1301.6363636363637,0.12402442721642341
cell_13/comb_iter_1/left/separable_depthwise5x5_2,OpenCL,3895.909090909091,319.09090909090907,0.08190409520476023
cell_13/comb_iter_1/left/separable_pointwise5x5_2,OpenCL,10436.454545454546,974.5454545454545,0.09337897753503889
cell_13/comb_iter_1/right/bf_relu_0,OpenCL,976.7777777777778,75.18181818181819,0.07696921438247795
cell_13/comb_iter_1/right/separable_depthwise3x3_1,OpenCL,1049.8181818181818,139.45454545454547,0.1328368548666436
cell_13/comb_iter_1/right/separable_pointwise3x3_1,OpenCL,10423.363636363636,617.9090909090909,0.05928116033037669
cell_13/comb_iter_1/right/separable_depthwise3x3_2,OpenCL,1110.4545454545455,132.36363636363637,0.11919770773638969
cell_13/comb_iter_1/right/separable_pointwise3x3_2,OpenCL,10345.09090909091,675.7272727272727,0.0653186403740026
cell_13/comb_iter_1/add,OpenCL,1228.090909090909,41587.90909090909,33.86386853208972
cell_13/comb_iter_2/add,OpenCL,1200.1818181818182,1316.6363636363637,1.0970307529162249
cell_13/comb_iter_3/left/pooling/avgpool_3,OpenCL,1204.8181818181818,193.0,0.16019014562740513
cell_13/comb_iter_3/right/pooling/avgpool_3,OpenCL,1239.7272727272727,87.54545454545455,0.07061670455378749
cell_13/comb_iter_3/add,OpenCL,1125.8181818181818,5340.272727272727,4.743459302325581
cell_13/cell_output/concat,CPU,2211.25,3685.909090909091,1.6668893571098207
cell_14/cell_base/relu,OpenCL,1215.4545454545455,263.72727272727275,0.21697830964846673
cell_14/cell_base/Conv1x1,OpenCL,54695.0,2061.3636363636365,0.03768833780717865
cell_14/comb_iter_0/left/bf_relu_0,OpenCL,1249.7272727272727,79.36363636363636,0.06350476467592929
cell_14/comb_iter_0/left/separable_depthwise5x5_1,OpenCL,4043.0,403.1818181818182,0.09972342769770423
cell_14/comb_iter_0/left/separable_pointwise5x5_1,OpenCL,10503.272727272728,1029.5454545454545,0.09802139592854174
cell_14/comb_iter_0/left/separable_depthwise5x5_2,OpenCL,3973.5454545454545,350.90909090909093,0.08831133176233728
cell_14/comb_iter_0/left/separable_pointwise5x5_2,OpenCL,10316.636363636364,677.6363636363636,0.06568384691980296
cell_14/comb_iter_0/add,OpenCL,1161.5454545454545,77745.63636363637,66.93292635203882
cell_14/comb_iter_2/left/pooling/avgpool_3,OpenCL,1216.090909090909,255.54545454545453,0.21013680197353668
cell_14/comb_iter_2/add,OpenCL,1140.8181818181818,1065.1818181818182,0.9336998964060882
cell_14/comb_iter_4/left/bf_relu_0,OpenCL,1122.4545454545455,162.72727272727272,0.1449744877298129
cell_14/comb_iter_4/left/separable_depthwise3x3_1,OpenCL,1158.2727272727273,519.7272727272727,0.44870889255160507
cell_14/comb_iter_4/left/separable_pointwise3x3_1,OpenCL,10536.818181818182,1380.090909090909,0.13097795608472454
cell_14/comb_iter_4/left/separable_depthwise3x3_2,OpenCL,1116.5454545454545,464.90909090909093,0.41638169679205345
cell_14/comb_iter_4/left/separable_pointwise3x3_2,OpenCL,10417.272727272728,1059.7272727272727,0.10172789946766733
cell_14/comb_iter_4/add,OpenCL,1202.8181818181818,20967.636363636364,17.432091300733127
cell_14/cell_output/concat,CPU,2115.7,3736.090909090909,1.7658887881509238
cell_15/cell_base/relu,OpenCL,1195.2727272727273,262.72727272727275,0.21980529358077278
cell_15/cell_base/Conv1x1,OpenCL,55067.181818181816,2071.4545454545455,0.03761686138749527
cell_15/comb_iter_0/left/bf_relu_0,OpenCL,1225.090909090909,77.36363636363636,0.06314930246363906
cell_15/comb_iter_0/left/separable_depthwise5x5_1,OpenCL,4004.7272727272725,467.3636363636364,0.11670298737855263
cell_15/comb_iter_0/left/separable_pointwise5x5_1,OpenCL,10561.545454545454,990.6363636363636,0.09379653459807019
cell_15/comb_iter_0/left/separable_depthwise5x5_2,OpenCL,3956.0,326.72727272727275,0.08259031160952295
cell_15/comb_iter_0/left/separable_pointwise5x5_2,OpenCL,10531.0,657.4545454545455,0.06243040029005275
cell_15/comb_iter_2/left/pooling/avgpool_3,OpenCL,1226.2727272727273,123.0909090909091,0.10037808584772778
cell_15/comb_iter_4/left/bf_relu_0,OpenCL,1066.5454545454545,63.81818181818182,0.059836345039209
cell_15/comb_iter_4/left/separable_depthwise3x3_1,OpenCL,1138.3636363636363,152.8181818181818,0.13424373103338125
cell_15/comb_iter_4/left/separable_pointwise3x3_1,OpenCL,10544.727272727272,611.7272727272727,0.0580126215601076
cell_15/comb_iter_4/left/separable_depthwise3x3_2,OpenCL,1165.090909090909,121.36363636363636,0.10416666666666667
cell_15/comb_iter_4/left/separable_pointwise3x3_2,OpenCL,10924.727272727272,613.6363636363636,0.056169490397097496
cell_15/comb_iter_4/add,OpenCL,1173.090909090909,96089.36363636363,81.91126782393057
cell_16/cell_base/_reduce_prev_layer_relu,OpenCL,1190.4545454545455,218.9090909090909,0.18388697976326843
cell_16/cell_base/_reduce_prev_layer_Conv1x1,OpenCL,55806.818181818184,55865.545454545456,1.0010523315007127
cell_16/comb_iter_0/right/bf_relu_0,OpenCL,1232.5454545454545,169.45454545454547,0.13748340463195163
cell_16/comb_iter_0/right/separable_depthwise3x3_1,OpenCL,1222.4545454545455,535.1818181818181,0.4377928162415408
cell_16/comb_iter_0/right/separable_pointwise3x3_1,OpenCL,10646.454545454546,1316.3636363636363,0.12364338106582642
cell_16/comb_iter_0/right/separable_depthwise3x3_2,OpenCL,1223.7272727272727,459.27272727272725,0.3753064408290617
cell_16/comb_iter_0/right/separable_pointwise3x3_2,OpenCL,10437.272727272728,1010.9090909090909,0.0968556745928055
cell_16/comb_iter_1/left/bf_relu_0,OpenCL,1128.6363636363637,68.0909090909091,0.06033024567055981
cell_16/comb_iter_1/left/separable_depthwise5x5_1,OpenCL,4029.0,202.36363636363637,0.050226765044337644
cell_16/comb_iter_1/left/separable_pointwise5x5_1,OpenCL,10568.818181818182,653.9090909090909,0.061871543218902945
cell_16/comb_iter_1/left/separable_depthwise5x5_2,OpenCL,3972.0,178.63636363636363,0.04497390826695962
cell_16/comb_iter_1/left/separable_pointwise5x5_2,OpenCL,10653.454545454546,622.2727272727273,0.058410417448885546
cell_16/comb_iter_1/right/bf_relu_0,OpenCL,1169.1818181818182,68.0909090909091,0.05823808413031646
cell_16/comb_iter_1/right/separable_depthwise3x3_1,OpenCL,1162.6363636363637,147.72727272727272,0.12706231918054575
cell_16/comb_iter_1/right/separable_pointwise3x3_1,OpenCL,10465.545454545454,623.5454545454545,0.0595807889090609
cell_16/comb_iter_1/right/separable_depthwise3x3_2,OpenCL,1162.7272727272727,129.0,0.11094605160281469
cell_16/comb_iter_1/right/separable_pointwise3x3_2,OpenCL,10273.636363636364,595.2727272727273,0.057941775064153614
cell_16/comb_iter_1/add,OpenCL,1231.0,60211.818181818184,48.91293109814637
cell_16/comb_iter_3/left/pooling/avgpool_3,OpenCL,1211.090909090909,278.09090909090907,0.22962017715057798
cell_16/comb_iter_3/right/pooling/avgpool_3,OpenCL,1192.6363636363637,92.18181818181819,0.07729247656071346
cell_16/comb_iter_3/add,OpenCL,1198.8181818181818,1665.7272727272727,1.3894744824448322
cell_15/cell_base/_reduce_prev_layer_relu,OpenCL,1193.909090909091,151.72727272727272,0.1270844437676083
cell_15/cell_base/_reduce_prev_layer_Conv1x1,OpenCL,55494.545454545456,55613.27272727273,1.0021394404036432
cell_15/comb_iter_0/right/bf_relu_0,OpenCL,1231.0,167.1818181818182,0.13580976294217562
cell_15/comb_iter_0/right/separable_depthwise3x3_1,OpenCL,1218.7272727272727,531.6363636363636,0.43622258690138743
cell_15/comb_iter_0/right/separable_pointwise3x3_1,OpenCL,10679.90909090909,1345.6363636363637,0.12599698669549453
cell_15/comb_iter_0/right/separable_depthwise3x3_2,OpenCL,1182.3636363636363,425.45454545454544,0.3598339228048593
cell_15/comb_iter_0/right/separable_pointwise3x3_2,OpenCL,10135.545454545454,1019.5454545454545,0.1005910791005552
cell_15/comb_iter_0/add,OpenCL,1229.2727272727273,17849.18181818182,14.520115367549181
cell_15/comb_iter_1/left/bf_relu_0,OpenCL,1196.090909090909,170.1818181818182,0.1422816751539105
cell_15/comb_iter_1/left/separable_depthwise5x5_1,OpenCL,3993.3636363636365,435.1818181818182,0.10897625606119243
cell_15/comb_iter_1/left/separable_pointwise5x5_1,OpenCL,10489.09090909091,1300.6363636363637,0.12399895995839834
cell_15/comb_iter_1/left/separable_depthwise5x5_2,OpenCL,3955.6363636363635,323.3636363636364,0.08174756389042104
cell_15/comb_iter_1/left/separable_pointwise5x5_2,OpenCL,10685.181818181818,959.8181818181819,0.08982703318954884
cell_15/comb_iter_1/right/bf_relu_0,OpenCL,1121.3636363636363,76.81818181818181,0.06850425618159708
cell_15/comb_iter_1/right/separable_depthwise3x3_1,OpenCL,1126.0,139.63636363636363,0.12401098013886645
cell_15/comb_iter_1/right/separable_pointwise3x3_1,OpenCL,10736.90909090909,652.1818181818181,0.060742045281357425
cell_15/comb_iter_1/right/separable_depthwise3x3_2,OpenCL,1128.2727272727273,138.1818181818182,0.12247200064458949
cell_15/comb_iter_1/right/separable_pointwise3x3_2,OpenCL,10388.90909090909,678.0,0.06526190517859956
cell_15/comb_iter_1/add,OpenCL,1235.6363636363637,41801.36363636364,33.82982636845203
cell_15/comb_iter_2/add,OpenCL,1202.5454545454545,1313.7272727272727,1.092455397641367
cell_15/comb_iter_3/left/pooling/avgpool_3,OpenCL,1206.1818181818182,209.54545454545453,0.17372625866747057
cell_15/comb_iter_3/right/pooling/avgpool_3,OpenCL,1193.8181818181818,90.0,0.07538836430094427
cell_15/comb_iter_3/add,OpenCL,1197.3636363636363,5356.363636363636,4.473464429428289
cell_15/cell_output/concat,CPU,2349.3333333333335,3715.3636363636365,1.58145444226602
cell_16/cell_base/relu,OpenCL,1195.6363636363637,296.6363636363636,0.24809914841849146
cell_16/cell_base/Conv1x1,OpenCL,55860.0,2064.090909090909,0.036951144094001236
cell_16/comb_iter_0/left/bf_relu_0,OpenCL,1229.090909090909,76.63636363636364,0.062352071005917165
cell_16/comb_iter_0/left/separable_depthwise5x5_1,OpenCL,4008.454545454546,397.72727272727275,0.09922209874583267
cell_16/comb_iter_0/left/separable_pointwise5x5_1,OpenCL,10452.818181818182,985.3636363636364,0.09426774858454876
cell_16/comb_iter_0/left/separable_depthwise5x5_2,OpenCL,3981.0,319.0,0.08013062044712384
cell_16/comb_iter_0/left/separable_pointwise5x5_2,OpenCL,10330.454545454546,693.8181818181819,0.06716240594887139
cell_16/comb_iter_0/add,OpenCL,1239.2727272727273,77537.63636363637,62.567048122065735
cell_16/comb_iter_2/left/pooling/avgpool_3,OpenCL,1226.2727272727273,237.9090909090909,0.19400993402031286
cell_16/comb_iter_2/add,OpenCL,1198.7272727272727,1066.8181818181818,0.8899590474745942
cell_16/comb_iter_4/left/bf_relu_0,OpenCL,1197.1818181818182,144.36363636363637,0.12058622522590934
cell_16/comb_iter_4/left/separable_depthwise3x3_1,OpenCL,1208.4545454545455,518.6363636363636,0.4291732490784623
cell_16/comb_iter_4/left/separable_pointwise3x3_1,OpenCL,10460.181818181818,1379.4545454545455,0.1318767273296136
cell_16/comb_iter_4/left/separable_depthwise3x3_2,OpenCL,1232.8181818181818,422.27272727272725,0.3425263623626576
cell_16/comb_iter_4/left/separable_pointwise3x3_2,OpenCL,10500.636363636364,985.7272727272727,0.09387309860008484
cell_16/comb_iter_4/add,OpenCL,1226.1818181818182,21488.545454545456,17.52476275207592
cell_16/cell_output/concat,CPU,2274.818181818182,3702.181818181818,1.627462734284458
cell_17/cell_base/relu,OpenCL,1199.6363636363637,259.45454545454544,0.21627765989693842
cell_17/cell_base/Conv1x1,OpenCL,55260.545454545456,2122.909090909091,0.03841636150072549
cell_17/comb_iter_0/left/bf_relu_0,OpenCL,1228.2727272727273,76.63636363636364,0.06239360521056917
cell_17/comb_iter_0/left/separable_depthwise5x5_1,OpenCL,4007.4545454545455,493.6363636363636,0.12317952905948006
cell_17/comb_iter_0/left/separable_pointwise5x5_1,OpenCL,10558.09090909091,981.7272727272727,0.0929834078130516
cell_17/comb_iter_0/left/separable_depthwise5x5_2,OpenCL,3966.3636363636365,322.54545454545456,0.08132019252807701
cell_17/comb_iter_0/left/separable_pointwise5x5_2,OpenCL,10358.363636363636,645.0,0.062268522581664355
cell_17/comb_iter_2/left/pooling/avgpool_3,OpenCL,1223.4545454545455,121.36363636363636,0.09919750334373606
cell_17/comb_iter_4/left/bf_relu_0,OpenCL,1136.6363636363637,64.45454545454545,0.05670639046628809
cell_17/comb_iter_4/left/separable_depthwise3x3_1,OpenCL,1187.8181818181818,153.8181818181818,0.12949640287769784
cell_17/comb_iter_4/left/separable_pointwise3x3_1,OpenCL,10533.636363636364,660.9090909090909,0.06274272892034176
cell_17/comb_iter_4/left/separable_depthwise3x3_2,OpenCL,1162.6363636363637,125.54545454545455,0.10798342325435921
cell_17/comb_iter_4/left/separable_pointwise3x3_2,OpenCL,10574.181818181818,619.7272727272727,0.05860758623061316
cell_17/comb_iter_4/add,OpenCL,1184.090909090909,95902.0,80.99209213051824
cell_17/cell_base/_reduce_prev_layer_relu,OpenCL,1192.6363636363637,221.0,0.18530375790837714
cell_17/cell_base/_reduce_prev_layer_Conv1x1,OpenCL,55724.09090909091,55647.0,0.9986165604887718
cell_17/comb_iter_0/right/bf_relu_0,OpenCL,1229.3636363636363,181.0,0.14723064408785033
cell_17/comb_iter_0/right/separable_depthwise3x3_1,OpenCL,1228.1818181818182,551.4545454545455,0.44900074019245007
cell_17/comb_iter_0/right/separable_pointwise3x3_1,OpenCL,10439.181818181818,1340.7272727272727,0.12843221778091282
cell_17/comb_iter_0/right/separable_depthwise3x3_2,OpenCL,1235.5454545454545,440.09090909090907,0.3561915973806195
cell_17/comb_iter_0/right/separable_pointwise3x3_2,OpenCL,10462.272727272728,1070.6363636363637,0.10233305817439284
cell_17/comb_iter_0/add,OpenCL,1159.3636363636363,17844.090909090908,15.391280483023603
cell_17/comb_iter_1/left/bf_relu_0,OpenCL,1113.0,185.9090909090909,0.16703422363799722
cell_17/comb_iter_1/left/separable_depthwise5x5_1,OpenCL,4002.4545454545455,424.72727272727275,0.10611670111522475
cell_17/comb_iter_1/left/separable_pointwise5x5_1,OpenCL,10427.90909090909,1329.3636363636363,0.1274813219768628
cell_17/comb_iter_1/left/separable_depthwise5x5_2,OpenCL,3952.5454545454545,323.3636363636364,0.08181149086894522
cell_17/comb_iter_1/left/separable_pointwise5x5_2,OpenCL,10443.272727272728,929.0909090909091,0.08896549322748007
cell_17/comb_iter_1/right/bf_relu_0,OpenCL,1215.2727272727273,83.72727272727273,0.06889587073608618
cell_17/comb_iter_1/right/separable_depthwise3x3_1,OpenCL,1223.3636363636363,141.45454545454547,0.11562755443263731
cell_17/comb_iter_1/right/separable_pointwise3x3_1,OpenCL,10245.818181818182,652.1818181818181,0.06365346394094264
cell_17/comb_iter_1/right/separable_depthwise3x3_2,OpenCL,1219.6363636363637,137.9090909090909,0.11307394156231364
cell_17/comb_iter_1/right/separable_pointwise3x3_2,OpenCL,10572.545454545454,694.1818181818181,0.06565891072933326
cell_17/comb_iter_1/add,OpenCL,1229.6363636363637,41541.72727272727,33.78374981517078
cell_17/comb_iter_2/add,OpenCL,1203.2727272727273,1311.3636363636363,1.0898307645814445
cell_17/comb_iter_3/left/pooling/avgpool_3,OpenCL,1205.7272727272727,194.1818181818182,0.16104953630400362
cell_17/comb_iter_3/right/pooling/avgpool_3,OpenCL,1194.1818181818182,91.18181818181819,0.07635505481120584
cell_17/comb_iter_3/add,OpenCL,1195.2727272727273,5353.727272727273,4.479084271372072
cell_17/cell_output/concat,CPU,2530.7272727272725,3758.7272727272725,1.485236008333932
final_layer/relu,OpenCL,1191.7272727272727,255.63636363636363,0.21450911587458996
final_layer/pooling,OpenCL,1206.3636363636363,98.45454545454545,0.08161266013564432
final_layer/FullyConnected,OpenCL,5083.181818181818,6553.0,1.289153178932308
final_layer/predictions,CPU,64.0,61.09090909090909,0.9545454545454546
